﻿<?xml version="1.0" encoding="utf-8" ?>
<c2eventsheet>
    <!--All the 'name' attributes are ignored by Construct 2 - they are there for readability only.-->
    <name>Event sheet 1</name>
    <events>
        <event-block sid="200335171791582">
            <conditions>
                <condition id="-2" name="On start of layout" sid="744742959991581" type="System" />
            </conditions>
            <actions>
                <action behavior="Pathfinding" id="11" name="Add path cost" sid="378613630733655" type="Jogador">
                    <param id="0" name="Object">Lama</param>
                    <param id="1" name="Cost">20</param>
                </action>
            </actions>
        </event-block>
    </events>
</c2eventsheet>
