﻿<?xml version="1.0" encoding="utf-8" ?>
<c2eventsheet>
    <!--All the 'name' attributes are ignored by Construct 2 - they are there for readability only.-->
    <name>Event sheet 1</name>
    <events>
        <event-block sid="373153971048437">
            <conditions>
                <condition id="0" name="On click" sid="207382806869106" type="Mouse">
                    <param id="0" name="Mouse button">0</param>
                    <param id="1" name="Click type">0</param>
                </condition>
            </conditions>
            <actions>
                <action id="-3" name="Set position" sid="115892395270057" type="Mira">
                    <param id="0" name="X">Mouse.X</param>
                    <param id="1" name="Y">Mouse.Y</param>
                </action>
                <action id="-22" name="Set angle toward position" sid="861225059910317" type="Personagem">
                    <param id="0" name="X">Mouse.X</param>
                    <param id="1" name="Y">Mouse.Y</param>
                </action>
                <action behavior="Bullet" id="0" name="Set speed" sid="358787922797132" type="Personagem">
                    <param id="0" name="Speed">100</param>
                </action>
            </actions>
        </event-block>
        <event-block sid="653468598794669">
            <conditions>
                <condition id="-8" name="Compare two values" sid="423497786059278" type="System">
                    <param id="0" name="First value">distance(Personagem.X, Personagem.Y, Mira.X, Mira.Y)</param>
                    <param id="1" name="Comparison">3</param>
                    <param id="2" name="Second value">5</param>
                </condition>
            </conditions>
            <actions>
                <action id="-3" name="Set position" sid="719084213643866" type="Mira">
                    <param id="0" name="X">-100</param>
                    <param id="1" name="Y">-100</param>
                </action>
                <action behavior="Bullet" id="0" name="Set speed" sid="828343862957000" type="Personagem">
                    <param id="0" name="Speed">0</param>
                </action>
            </actions>
        </event-block>
        <event-block sid="661221407703679">
            <conditions>
                <condition id="0" name="On collision with another object" sid="229232906279165" type="Personagem">
                    <param id="0" name="Object">Solido</param>
                </condition>
            </conditions>
            <actions>
                <action behavior="Bullet" id="0" name="Set speed" sid="635603190590774" type="Personagem">
                    <param id="0" name="Speed">0</param>
                </action>
            </actions>
        </event-block>
    </events>
</c2eventsheet>
