﻿<?xml version="1.0" encoding="utf-8" ?>
<c2eventsheet>
    <!--All the 'name' attributes are ignored by Construct 2 - they are there for readability only.-->
    <name>Event sheet 1</name>
    <events>
        <variable constant="0" name="posY" sid="741157394518362" static="0" type="number">0</variable>
        <variable constant="0" name="posX" sid="899184156461066" static="0" type="number">0</variable>
        <variable constant="0" name="Pontos" sid="697179613188853" static="0" type="number">0</variable>
        <variable constant="0" name="Tempo" sid="582629472500530" static="0" type="number">1</variable>
        <event-block sid="389739047919293">
            <conditions>
                <condition id="0" name="On click" sid="275830236742745" type="Mouse">
                    <param id="0" name="Mouse button">0</param>
                    <param id="1" name="Click type">0</param>
                </condition>
            </conditions>
            <actions>
                <action id="-9" name="Set value" sid="427240203232464" type="System">
                    <param id="0" name="Variable">posX</param>
                    <param id="1" name="Value">Mouse.X</param>
                </action>
                <action id="-9" name="Set value" sid="109726644807674" type="System">
                    <param id="0" name="Variable">posY</param>
                    <param id="1" name="Value">Mouse.Y</param>
                </action>
            </actions>
        </event-block>
        <event-block sid="829291613985908">
            <conditions>
                <condition id="2" name="Mouse button is down" sid="320664355000515" type="Mouse">
                    <param id="0" name="Mouse button">0</param>
                </condition>
            </conditions>
            <actions>
                <action id="-3" name="Create object" sid="522541095643721" type="System">
                    <param id="0" name="Object to create">Corte</param>
                    <param id="1" name="Layer">0</param>
                    <param id="2" name="X">posX</param>
                    <param id="3" name="Y">posY</param>
                </action>
                <action id="-5" name="Set width" sid="458199176899575" type="Corte">
                    <param id="0" name="Width">distance(posX, posY, Mouse.X, Mouse.Y)</param>
                </action>
                <action id="-6" name="Set height" sid="487858854798572" type="Corte">
                    <param id="0" name="Height">Self.Height/5</param>
                </action>
                <action id="-8" name="Set angle" sid="246979335792525" type="Corte">
                    <param id="0" name="Angle">angle(posX, posY, Mouse.X, Mouse.Y)</param>
                </action>
                <action id="-9" name="Set value" sid="291041076616467" type="System">
                    <param id="0" name="Variable">posX</param>
                    <param id="1" name="Value">Mouse.X</param>
                </action>
                <action id="-9" name="Set value" sid="884659389946295" type="System">
                    <param id="0" name="Variable">posY</param>
                    <param id="1" name="Value">Mouse.Y</param>
                </action>
            </actions>
        </event-block>
        <event-block sid="822388123860733">
            <conditions>
                <condition id="-6" name="Every X seconds" sid="220688606054461" type="System">
                    <param id="0" name="Interval (seconds)">0.8</param>
                </condition>
            </conditions>
            <actions>
                <action id="-3" name="Create object" sid="508450409918325" type="System">
                    <param id="0" name="Object to create">Frutas</param>
                    <param id="1" name="Layer">0</param>
                    <param id="2" name="X">random(50,900)</param>
                    <param id="3" name="Y">640</param>
                </action>
                <action id="5" name="Set frame" sid="177423892305060" type="Frutas">
                    <param id="0" name="Frame number">random(0,8)</param>
                </action>
                <action behavior="CustomMovement" id="2" name="Set speed" sid="648591564724576" type="Frutas">
                    <param id="0" name="Which">0</param>
                    <param id="1" name="Speed">-1000</param>
                </action>
                <action behavior="CustomMovement" id="6" name="Set angle of motion" sid="413123781744788" type="Frutas">
                    <param id="0" name="Angle">-90</param>
                </action>
            </actions>
        </event-block>
        <event-block sid="964783994397319">
            <conditions>
                <condition id="-1" name="Every tick" sid="114208523078932" type="System" />
            </conditions>
            <actions>
                <action behavior="CustomMovement" id="3" name="Accelerate" sid="234527345511739" type="Frutas">
                    <param id="0" name="Which">2</param>
                    <param id="1" name="Acceleration">1000</param>
                </action>
                <action id="0" name="Set text" sid="709041650721044" type="Pontos">
                    <param id="0" name="Text">&quot;Pontos: &quot; &amp;Pontos</param>
                </action>
            </actions>
        </event-block>
        <event-block sid="932276204872460">
            <conditions>
                <condition id="0" name="On collision with another object" sid="650970433270985" type="Corte">
                    <param id="0" name="Object">Frutas</param>
                </condition>
                <condition id="3" name="Compare frame" sid="180272039263402" type="Frutas">
                    <param id="0" name="Comparison">0</param>
                    <param id="1" name="Number">0</param>
                </condition>
            </conditions>
            <actions>
                <action id="-9" name="Destroy" sid="643299511878926" type="Frutas" />
                <action id="0" name="Spawn another object" sid="627752532786643" type="Frutas">
                    <param id="0" name="Object">PartiMaçã</param>
                    <param id="1" name="Layer">1</param>
                    <param id="2" name="Image point">0</param>
                </action>
                <action id="0" name="Set text" sid="587957267064954" type="Pontos">
                    <param id="0" name="Text">&quot;Pontos: &quot; &amp;Pontos</param>
                </action>
                <action id="-10" name="Add to" sid="980229107567385" type="System">
                    <param id="0" name="Variable">Pontos</param>
                    <param id="1" name="Value">1</param>
                </action>
            </actions>
        </event-block>
        <event-block sid="403784891343743">
            <conditions>
                <condition id="0" name="On collision with another object" sid="401264136767159" type="Corte">
                    <param id="0" name="Object">Frutas</param>
                </condition>
                <condition id="3" name="Compare frame" sid="653438396480952" type="Frutas">
                    <param id="0" name="Comparison">0</param>
                    <param id="1" name="Number">1</param>
                </condition>
            </conditions>
            <actions>
                <action id="-9" name="Destroy" sid="616485793243664" type="Frutas" />
                <action id="0" name="Spawn another object" sid="305759809146296" type="Frutas">
                    <param id="0" name="Object">PartiLaranja</param>
                    <param id="1" name="Layer">1</param>
                    <param id="2" name="Image point">0</param>
                </action>
                <action id="0" name="Set text" sid="194603906994304" type="Pontos">
                    <param id="0" name="Text">&quot;Pontos: &quot; &amp;Pontos</param>
                </action>
                <action id="-10" name="Add to" sid="523178581594055" type="System">
                    <param id="0" name="Variable">Pontos</param>
                    <param id="1" name="Value">1</param>
                </action>
            </actions>
        </event-block>
        <event-block sid="823408013639687">
            <conditions>
                <condition id="0" name="On collision with another object" sid="976292843332833" type="Corte">
                    <param id="0" name="Object">Frutas</param>
                </condition>
                <condition id="3" name="Compare frame" sid="253373930236039" type="Frutas">
                    <param id="0" name="Comparison">0</param>
                    <param id="1" name="Number">2   </param>
                </condition>
            </conditions>
            <actions>
                <action id="-9" name="Destroy" sid="521350015756234" type="Frutas" />
                <action id="0" name="Spawn another object" sid="670443199861228" type="Frutas">
                    <param id="0" name="Object">PartiAbacaxi</param>
                    <param id="1" name="Layer">1</param>
                    <param id="2" name="Image point">0</param>
                </action>
                <action id="0" name="Set text" sid="623115313949577" type="Pontos">
                    <param id="0" name="Text">&quot;Pontos: &quot; &amp;Pontos</param>
                </action>
                <action id="-10" name="Add to" sid="511820229273062" type="System">
                    <param id="0" name="Variable">Pontos</param>
                    <param id="1" name="Value">1</param>
                </action>
            </actions>
        </event-block>
        <event-block sid="929482498066772">
            <conditions>
                <condition id="0" name="On collision with another object" sid="884065667845502" type="Corte">
                    <param id="0" name="Object">Frutas</param>
                </condition>
                <condition id="3" name="Compare frame" sid="114119675129902" type="Frutas">
                    <param id="0" name="Comparison">0</param>
                    <param id="1" name="Number">3</param>
                </condition>
            </conditions>
            <actions>
                <action id="-9" name="Destroy" sid="553255451825157" type="Frutas" />
                <action id="0" name="Spawn another object" sid="312960924115303" type="Frutas">
                    <param id="0" name="Object">PartiMelancia</param>
                    <param id="1" name="Layer">1</param>
                    <param id="2" name="Image point">0</param>
                </action>
                <action id="0" name="Set text" sid="592713923492499" type="Pontos">
                    <param id="0" name="Text">&quot;Pontos: &quot; &amp;Pontos</param>
                </action>
                <action id="-10" name="Add to" sid="911206712639354" type="System">
                    <param id="0" name="Variable">Pontos</param>
                    <param id="1" name="Value">1</param>
                </action>
            </actions>
        </event-block>
        <event-block sid="963437681184394">
            <conditions>
                <condition id="0" name="On collision with another object" sid="394544460653274" type="Corte">
                    <param id="0" name="Object">Frutas</param>
                </condition>
                <condition id="3" name="Compare frame" sid="585782575349698" type="Frutas">
                    <param id="0" name="Comparison">0</param>
                    <param id="1" name="Number">4</param>
                </condition>
            </conditions>
            <actions>
                <action id="-9" name="Destroy" sid="232024438087187" type="Frutas" />
                <action id="0" name="Spawn another object" sid="656224017846456" type="Frutas">
                    <param id="0" name="Object">PartiBanana</param>
                    <param id="1" name="Layer">1</param>
                    <param id="2" name="Image point">0</param>
                </action>
                <action id="0" name="Set text" sid="152554178539444" type="Pontos">
                    <param id="0" name="Text">&quot;Pontos: &quot; &amp;Pontos</param>
                </action>
                <action id="-10" name="Add to" sid="780891355062919" type="System">
                    <param id="0" name="Variable">Pontos</param>
                    <param id="1" name="Value">1</param>
                </action>
            </actions>
        </event-block>
        <event-block sid="684661099444186">
            <conditions>
                <condition id="0" name="On collision with another object" sid="844727366840725" type="Corte">
                    <param id="0" name="Object">Frutas</param>
                </condition>
                <condition id="3" name="Compare frame" sid="407111226266468" type="Frutas">
                    <param id="0" name="Comparison">0</param>
                    <param id="1" name="Number">5</param>
                </condition>
            </conditions>
            <actions>
                <action id="-9" name="Destroy" sid="478859755277722" type="Frutas" />
                <action id="0" name="Spawn another object" sid="629996210173160" type="Frutas">
                    <param id="0" name="Object">PartiPessego</param>
                    <param id="1" name="Layer">1</param>
                    <param id="2" name="Image point">0</param>
                </action>
                <action id="0" name="Set text" sid="858922626085834" type="Pontos">
                    <param id="0" name="Text">&quot;Pontos: &quot; &amp;Pontos</param>
                </action>
                <action id="-10" name="Add to" sid="136442819345132" type="System">
                    <param id="0" name="Variable">Pontos</param>
                    <param id="1" name="Value">1</param>
                </action>
            </actions>
        </event-block>
        <event-block sid="349722655594416">
            <conditions>
                <condition id="0" name="On collision with another object" sid="133962225445256" type="Corte">
                    <param id="0" name="Object">Frutas</param>
                </condition>
                <condition id="3" name="Compare frame" sid="472820533440755" type="Frutas">
                    <param id="0" name="Comparison">0</param>
                    <param id="1" name="Number">6</param>
                </condition>
            </conditions>
            <actions>
                <action id="-9" name="Destroy" sid="933719944759367" type="Frutas" />
                <action id="0" name="Spawn another object" sid="353673832529324" type="Frutas">
                    <param id="0" name="Object">PartiCereja</param>
                    <param id="1" name="Layer">1</param>
                    <param id="2" name="Image point">0</param>
                </action>
                <action id="0" name="Set text" sid="904623393919693" type="Pontos">
                    <param id="0" name="Text">&quot;Pontos: &quot; &amp; Pontos</param>
                </action>
                <action id="-10" name="Add to" sid="892243536640019" type="System">
                    <param id="0" name="Variable">Pontos</param>
                    <param id="1" name="Value">1</param>
                </action>
            </actions>
        </event-block>
        <event-block sid="631128380973673">
            <conditions>
                <condition id="0" name="On collision with another object" sid="185219630596133" type="Corte">
                    <param id="0" name="Object">Frutas</param>
                </condition>
                <condition id="3" name="Compare frame" sid="867681683836670" type="Frutas">
                    <param id="0" name="Comparison">0</param>
                    <param id="1" name="Number">7</param>
                </condition>
            </conditions>
            <actions>
                <action id="-9" name="Destroy" sid="175616996042637" type="Frutas" />
                <action id="0" name="Spawn another object" sid="881164732075400" type="Frutas">
                    <param id="0" name="Object">PartiBomba</param>
                    <param id="1" name="Layer">1</param>
                    <param id="2" name="Image point">0</param>
                </action>
                <action id="0" name="Set text" sid="263704268692007" type="Pontos">
                    <param id="0" name="Text">&quot;Pontos: &quot; &amp;Pontos</param>
                </action>
                <action id="-10" name="Add to" sid="297498257006029" type="System">
                    <param id="0" name="Variable">Pontos</param>
                    <param id="1" name="Value">1</param>
                </action>
            </actions>
        </event-block>
    </events>
</c2eventsheet>
