﻿<?xml version="1.0" encoding="utf-8" ?>
<c2eventsheet>
    <!--All the 'name' attributes are ignored by Construct 2 - they are there for readability only.-->
    <name>Event sheet 1</name>
    <events>
        <variable constant="0" name="varFlecha" sid="649697454397377" static="0" type="number">0</variable>
        <event-group description="Fixa os objetos em outros objetos para facilitar a colisão e o trabalho com alguns eventos" sid="600817224226601" title="Fixa objetos">
            <sub-events>
                <event-block sid="633232073293699">
                    <conditions>
                        <condition id="-1" name="Every tick" sid="749585744513101" type="System" />
                    </conditions>
                    <actions>
                        <action id="-4" name="Set position to another object" sid="839271608591113" type="Herói">
                            <param id="0" name="Object">FixoHerói</param>
                            <param id="1" name="Image point (optional)">0</param>
                        </action>
                        <action id="-4" name="Set position to another object" sid="397333690860526" type="Chefe">
                            <param id="0" name="Object">FixoChefe</param>
                            <param id="1" name="Image point (optional)">0</param>
                        </action>
                        <action id="-4" name="Set position to another object" sid="925415599398179" type="VidaZumbi">
                            <param id="0" name="Object">Chefe</param>
                            <param id="1" name="Image point (optional)">0</param>
                        </action>
                    </actions>
                </event-block>
            </sub-events>
        </event-group>
        <event-group description="Controla o numero de flechas que o Herói possuí." sid="423650343234743" title="Colisão com o KitFlechas">
            <sub-events>
                <event-block sid="541202722325318">
                    <conditions>
                        <condition id="0" name="On click" sid="111142251976747" type="Mouse">
                            <param id="0" name="Mouse button">0</param>
                            <param id="1" name="Click type">0</param>
                        </condition>
                        <condition id="-14" name="Compare variable" sid="118829176975148" type="System">
                            <param id="0" name="Variable">varFlecha</param>
                            <param id="1" name="Comparison">5</param>
                            <param id="2" name="Value">1</param>
                        </condition>
                    </conditions>
                    <actions>
                        <action id="-11" name="Subtract from" sid="423066063145788" type="System">
                            <param id="0" name="Variable">varFlecha</param>
                            <param id="1" name="Value">1</param>
                        </action>
                        <action id="0" name="Spawn another object" sid="400320746192622" type="Herói">
                            <param id="0" name="Object">Flecha</param>
                            <param id="1" name="Layer">0</param>
                            <param id="2" name="Image point">&quot;Ataque&quot;</param>
                        </action>
                        <action id="-22" name="Set angle toward position" sid="307978506893896" type="Flecha">
                            <param id="0" name="X">Mouse.X</param>
                            <param id="1" name="Y">Mouse.Y</param>
                        </action>
                        <action behavior="Bullet" id="2" name="Set gravity" sid="662204554858611" type="Flecha">
                            <param id="0" name="Gravity">900</param>
                        </action>
                        <action id="0" name="Set text" sid="670310253124320" type="numeroDeFlechas">
                            <param id="0" name="Text">&quot;&quot; &amp; varFlecha</param>
                        </action>
                    </actions>
                </event-block>
                <event-block sid="516824141155719">
                    <conditions>
                        <condition id="0" name="On collision with another object" sid="277565092132574" type="FixoHerói">
                            <param id="0" name="Object">KitFlechas</param>
                        </condition>
                    </conditions>
                    <actions>
                        <action id="-10" name="Add to" sid="858758746512422" type="System">
                            <param id="0" name="Variable">varFlecha</param>
                            <param id="1" name="Value">3</param>
                        </action>
                        <action id="0" name="Set text" sid="464533107478607" type="numeroDeFlechas">
                            <param id="0" name="Text">&quot;&quot; &amp; varFlecha</param>
                        </action>
                        <action id="-9" name="Destroy" sid="883380738032611" type="KitFlechas" />
                    </actions>
                    <sub-events>
                        <event-block sid="811729872121285">
                            <conditions>
                                <condition id="2" name="Key is down" sid="779083041562282" type="Keyboard">
                                    <param id="0" name="Key">39</param>
                                </condition>
                            </conditions>
                            <actions>
                                <action id="7" name="Set mirrored" sid="256084542778130" type="Herói">
                                    <param id="0" name="State">1</param>
                                </action>
                            </actions>
                        </event-block>
                        <event-block sid="191493272448655">
                            <conditions>
                                <condition id="2" name="Key is down" sid="770532479264886" type="Keyboard">
                                    <param id="0" name="Key">37</param>
                                </condition>
                            </conditions>
                            <actions>
                                <action id="7" name="Set mirrored" sid="657282481358843" type="Herói">
                                    <param id="0" name="State">0</param>
                                </action>
                            </actions>
                        </event-block>
                    </sub-events>
                </event-block>
            </sub-events>
        </event-group>
        <event-group description="Faz com que os inimigos se movimentem para esquerda e para direita" sid="652825674347120" title="Movimentação dos inimigos">
            <sub-events>
                <event-block sid="830300210834350">
                    <conditions>
                        <condition id="-2" name="On start of layout" sid="141586107717849" type="System" />
                    </conditions>
                    <actions>
                        <action behavior="Bullet" id="5" name="Set enabled" sid="717411811420105" type="FixoChefe">
                            <param id="0" name="State">0</param>
                        </action>
                    </actions>
                </event-block>
                <event-block sid="123228860057228">
                    <conditions>
                        <condition id="0" name="On collision with another object" sid="626887834892268" type="Zumbi">
                            <param id="0" name="Object">Limite</param>
                        </condition>
                    </conditions>
                    <actions />
                    <sub-events>
                        <event-block sid="286398118677630">
                            <conditions>
                                <condition id="-7" name="Compare instance variable" sid="673717792429211" type="Zumbi">
                                    <param id="0" name="Instance variable">var_ação</param>
                                    <param id="1" name="Comparison">0</param>
                                    <param id="2" name="Value">&quot;direita&quot;</param>
                                </condition>
                            </conditions>
                            <actions>
                                <action id="-10" name="Set value" sid="412671665876759" type="Zumbi">
                                    <param id="0" name="Instance variable">var_ação</param>
                                    <param id="1" name="Value">&quot;esquerda&quot;</param>
                                </action>
                            </actions>
                        </event-block>
                        <event-block sid="492051530107846">
                            <conditions>
                                <condition id="-22" name="Else" sid="729251789863923" type="System" />
                            </conditions>
                            <actions>
                                <action id="-10" name="Set value" sid="321408710609949" type="Zumbi">
                                    <param id="0" name="Instance variable">var_ação</param>
                                    <param id="1" name="Value">&quot;direita&quot;</param>
                                </action>
                            </actions>
                        </event-block>
                    </sub-events>
                </event-block>
                <event-block sid="700768217008839">
                    <conditions>
                        <condition id="-7" name="Compare instance variable" sid="204934089512223" type="Zumbi">
                            <param id="0" name="Instance variable">var_ação</param>
                            <param id="1" name="Comparison">0</param>
                            <param id="2" name="Value">&quot;direita&quot;</param>
                        </condition>
                    </conditions>
                    <actions>
                        <action behavior="Platform" id="7" name="Simulate control" sid="543638230398811" type="Zumbi">
                            <param id="0" name="Control">1</param>
                        </action>
                        <action id="7" name="Set mirrored" sid="247897051039066" type="Zumbi">
                            <param id="0" name="State">0</param>
                        </action>
                    </actions>
                </event-block>
                <event-block sid="779310313363516">
                    <conditions>
                        <condition id="-7" name="Compare instance variable" sid="537425422127483" type="Zumbi">
                            <param id="0" name="Instance variable">var_ação</param>
                            <param id="1" name="Comparison">0</param>
                            <param id="2" name="Value">&quot;esquerda&quot;</param>
                        </condition>
                    </conditions>
                    <actions>
                        <action behavior="Platform" id="7" name="Simulate control" sid="795750321055829" type="Zumbi">
                            <param id="0" name="Control">0</param>
                        </action>
                        <action id="7" name="Set mirrored" sid="204859797265362" type="Zumbi">
                            <param id="0" name="State">1</param>
                        </action>
                    </actions>
                </event-block>
            </sub-events>
        </event-group>
        <event-group description="Altera a sobreposição dos objetos" sid="741286749433719" title="Mudança de posição do Herói/Inimigos">
            <sub-events>
                <event-block sid="392139431422716">
                    <conditions>
                        <condition id="-1" name="Every tick" sid="773140450909025" type="System" />
                        <condition id="-8" name="Compare two values" sid="439387589693679" type="System">
                            <param id="0" name="First value">distance(Herói.X, Herói.Y, Chefe.X, Chefe.Y)</param>
                            <param id="1" name="Comparison">2</param>
                            <param id="2" name="Second value">500</param>
                        </condition>
                    </conditions>
                    <actions>
                        <action id="-22" name="Set angle toward position" sid="886501110082432" type="FixoChefe">
                            <param id="0" name="X">Herói.X</param>
                            <param id="1" name="Y">Herói.Y</param>
                        </action>
                        <action behavior="Bullet" id="5" name="Set enabled" sid="274328521555426" type="FixoChefe">
                            <param id="0" name="State">1</param>
                        </action>
                        <action id="-4" name="Set position to another object" sid="483510070690296" type="Aura">
                            <param id="0" name="Object">Chefe</param>
                            <param id="1" name="Image point (optional)">0</param>
                        </action>
                    </actions>
                </event-block>
                <event-block sid="355190118380501">
                    <conditions>
                        <condition id="-2" name="Compare Y" sid="346641994435276" type="Chefe">
                            <param id="0" name="Comparison">5</param>
                            <param id="1" name="Y co-ordinate">Herói.Y</param>
                        </condition>
                    </conditions>
                    <actions>
                        <action id="-24" name="Move to top" sid="280649500590839" type="Chefe" />
                    </actions>
                </event-block>
                <event-block sid="575403719694211">
                    <conditions>
                        <condition id="-22" name="Else" sid="882256917073442" type="System" />
                    </conditions>
                    <actions>
                        <action id="-24" name="Move to top" sid="644929740938137" type="Herói" />
                    </actions>
                </event-block>
                <event-block sid="820116474649124">
                    <conditions>
                        <condition id="-1" name="Compare X" sid="194902943258863" type="FixoChefe">
                            <param id="0" name="Comparison">3</param>
                            <param id="1" name="X co-ordinate">Herói.X</param>
                        </condition>
                    </conditions>
                    <actions>
                        <action id="7" name="Set mirrored" sid="708177950948934" type="Chefe">
                            <param id="0" name="State">0</param>
                        </action>
                    </actions>
                </event-block>
                <event-block sid="995651480883290">
                    <conditions>
                        <condition id="-22" name="Else" sid="820851924979257" type="System" />
                    </conditions>
                    <actions>
                        <action id="7" name="Set mirrored" sid="333786646414774" type="Chefe">
                            <param id="0" name="State">0</param>
                        </action>
                    </actions>
                </event-block>
            </sub-events>
        </event-group>
        <event-group description="Algumas configurações para a flecha e destruição dos inimigos" sid="318734731274256" title="Flecha/Destrói inimigos">
            <sub-events>
                <event-block sid="789098414003056">
                    <conditions>
                        <condition id="0" name="On collision with another object" sid="761203827765611" type="Flecha">
                            <param id="0" name="Object">Zumbi</param>
                        </condition>
                    </conditions>
                    <actions>
                        <action id="-12" name="Subtract from" sid="626336418998488" type="Zumbi">
                            <param id="0" name="Instance variable">var_vidaZumbi</param>
                            <param id="1" name="Value">1</param>
                        </action>
                        <action id="-9" name="Destroy" sid="225271341928018" type="Flecha" />
                        <action id="0" name="Spawn another object" sid="541092994630521" type="Zumbi">
                            <param id="0" name="Object">SangueVermelho</param>
                            <param id="1" name="Layer">0</param>
                            <param id="2" name="Image point">Zumbi.X</param>
                        </action>
                        <action id="0" name="Spawn another object" sid="424790541848538" type="Zumbi">
                            <param id="0" name="Object">SangueVerde</param>
                            <param id="1" name="Layer">0</param>
                            <param id="2" name="Image point">Zumbi.X</param>
                        </action>
                    </actions>
                </event-block>
                <event-block sid="146306530586764">
                    <conditions>
                        <condition id="-7" name="Compare instance variable" sid="851140692441827" type="Zumbi">
                            <param id="0" name="Instance variable">var_vidaZumbi</param>
                            <param id="1" name="Comparison">0</param>
                            <param id="2" name="Value">0</param>
                        </condition>
                    </conditions>
                    <actions>
                        <action id="-9" name="Destroy" sid="405836752614990" type="Zumbi" />
                        <action id="-9" name="Destroy" sid="912416643206539" type="Flecha" />
                    </actions>
                </event-block>
                <event-block sid="995045748481648">
                    <conditions>
                        <condition id="-1" name="Every tick" sid="230330082346154" type="System" />
                    </conditions>
                    <actions>
                        <action id="-4" name="Set position to another object" sid="181748784196094" type="VidaZumbi">
                            <param id="0" name="Object">Chefe</param>
                            <param id="1" name="Image point (optional)">&quot;Barra de vida&quot;</param>
                        </action>
                    </actions>
                </event-block>
                <event-block sid="933061119467381">
                    <conditions>
                        <condition id="0" name="On collision with another object" sid="801915775948637" type="Flecha">
                            <param id="0" name="Object">Chefe</param>
                        </condition>
                    </conditions>
                    <actions>
                        <action id="-12" name="Subtract from" sid="441763031890435" type="Chefe">
                            <param id="0" name="Instance variable">var_vidaChefe</param>
                            <param id="1" name="Value">1</param>
                        </action>
                        <action id="-9" name="Destroy" sid="981673507945007" type="Flecha" />
                        <action id="0" name="Spawn another object" sid="127724935838655" type="Chefe">
                            <param id="0" name="Object">SangueVermelho</param>
                            <param id="1" name="Layer">0</param>
                            <param id="2" name="Image point">Chefe.X</param>
                        </action>
                        <action id="0" name="Spawn another object" sid="270140606439825" type="Chefe">
                            <param id="0" name="Object">SangueVerde</param>
                            <param id="1" name="Layer">0</param>
                            <param id="2" name="Image point">Chefe.X</param>
                        </action>
                        <action id="-5" name="Set width" sid="771650384515496" type="VidaZumbi">
                            <param id="0" name="Width">Chefe.Width * Chefe.var_vidaChefe/15</param>
                        </action>
                    </actions>
                </event-block>
                <event-block sid="642622870288777">
                    <conditions>
                        <condition id="-7" name="Compare instance variable" sid="943883644406164" type="Chefe">
                            <param id="0" name="Instance variable">var_vidaChefe</param>
                            <param id="1" name="Comparison">0</param>
                            <param id="2" name="Value">0</param>
                        </condition>
                    </conditions>
                    <actions>
                        <action id="-9" name="Destroy" sid="239812344335622" type="Chefe" />
                        <action id="-9" name="Destroy" sid="747506007589083" type="FixoChefe" />
                        <action id="-9" name="Destroy" sid="690083562940446" type="Flecha" />
                        <action id="-16" name="Wait" sid="241155512613330" type="System">
                            <param id="0" name="Seconds">2</param>
                        </action>
                        <action id="-26" name="Restart layout" sid="224473182968574" type="System" />
                        <action id="-21" name="Reset global variables" sid="398165296785424" type="System" />
                    </actions>
                </event-block>
                <event-block sid="950741635654534">
                    <conditions>
                        <condition behavior="Bullet" id="1" name="Compare distance travelled" sid="598051299581842" type="Flecha">
                            <param id="0" name="Comparison">5</param>
                            <param id="1" name="Distance">450</param>
                        </condition>
                    </conditions>
                    <actions>
                        <action id="-9" name="Destroy" sid="979050432992931" type="Flecha" />
                    </actions>
                </event-block>
            </sub-events>
        </event-group>
        <event-group description="Altera a barra de vida do personagem se o Herói colidir com os Zumbis e recupera vida se coletar os corações" sid="391202055329321" title="Barra de Vida Herói/Coração">
            <sub-events>
                <event-block sid="314510494074200">
                    <conditions>
                        <condition id="0" name="On collision with another object" sid="742288011728255" type="FixoHerói">
                            <param id="0" name="Object">Coração</param>
                        </condition>
                        <condition id="-7" name="Compare instance variable" sid="226754345695371" type="Herói">
                            <param id="0" name="Instance variable">var_VidaHerói</param>
                            <param id="1" name="Comparison">2</param>
                            <param id="2" name="Value">20</param>
                        </condition>
                    </conditions>
                    <actions>
                        <action id="-11" name="Add to" sid="543389458419508" type="Herói">
                            <param id="0" name="Instance variable">var_VidaHerói</param>
                            <param id="1" name="Value">2</param>
                        </action>
                        <action id="-9" name="Destroy" sid="177062767918863" type="Coração" />
                    </actions>
                </event-block>
                <event-block sid="105381727241260">
                    <conditions>
                        <condition id="0" name="On collision with another object" sid="470020033474079" type="Herói">
                            <param id="0" name="Object">Coração</param>
                        </condition>
                        <condition id="-7" name="Compare instance variable" sid="845883683985521" type="Herói">
                            <param id="0" name="Instance variable">var_VidaHerói</param>
                            <param id="1" name="Comparison">0</param>
                            <param id="2" name="Value">20</param>
                        </condition>
                    </conditions>
                    <actions>
                        <action id="-10" name="Set value" sid="181761955819111" type="HUDVida">
                            <param id="0" name="Instance variable">var_ValorInicial</param>
                            <param id="1" name="Value">20</param>
                        </action>
                    </actions>
                </event-block>
                <event-block sid="744320953397262">
                    <conditions>
                        <condition id="-2" name="On start of layout" sid="837693747484901" type="System" />
                    </conditions>
                    <actions>
                        <action id="-10" name="Set value" sid="164491982127064" type="HUDVida">
                            <param id="0" name="Instance variable">var_ValorInicial</param>
                            <param id="1" name="Value">Herói.var_VidaHerói</param>
                        </action>
                        <action id="-10" name="Set value" sid="570113460199992" type="HUDVida">
                            <param id="0" name="Instance variable">var_Largura</param>
                            <param id="1" name="Value">Self.Width/Herói.var_VidaHerói</param>
                        </action>
                        <action id="-10" name="Set value" sid="318145359742566" type="HUDVida">
                            <param id="0" name="Instance variable">var_LarguraInicial</param>
                            <param id="1" name="Value">Self.Width</param>
                        </action>
                    </actions>
                </event-block>
                <event-block sid="632733982665442">
                    <conditions>
                        <condition id="-1" name="Every tick" sid="682928538647916" type="System" />
                    </conditions>
                    <actions>
                        <action id="-5" name="Set width" sid="116559637833551" type="HUDVida">
                            <param id="0" name="Width">Self.var_LarguraInicial + (Herói.var_VidaHerói - Self.var_ValorInicial) * Self.var_Largura</param>
                        </action>
                    </actions>
                </event-block>
                <event-block sid="697900297476365">
                    <conditions>
                        <condition id="0" name="On collision with another object" sid="170475752951007" type="FixoHerói">
                            <param id="0" name="Object">Zumbi</param>
                        </condition>
                    </conditions>
                    <actions>
                        <action id="-12" name="Subtract from" sid="565266457308616" type="Herói">
                            <param id="0" name="Instance variable">var_VidaHerói</param>
                            <param id="1" name="Value">2</param>
                        </action>
                        <action behavior="Flash" id="0" name="Flash" sid="694946374827294" type="Herói">
                            <param id="0" name="&apos;On&apos; time">0.2</param>
                            <param id="1" name="&apos;Off&apos; time">0.2</param>
                            <param id="2" name="Duration">1.0</param>
                        </action>
                        <action id="-3" name="Set position" sid="411905572158349" type="FixoHerói">
                            <param id="0" name="X">Herói.X -50</param>
                            <param id="1" name="Y">Herói.Y</param>
                        </action>
                    </actions>
                </event-block>
                <event-block sid="302376418450732">
                    <conditions>
                        <condition id="0" name="On collision with another object" sid="996414235315426" type="FixoHerói">
                            <param id="0" name="Object">FixoChefe</param>
                        </condition>
                    </conditions>
                    <actions>
                        <action id="-12" name="Subtract from" sid="380876794185135" type="Herói">
                            <param id="0" name="Instance variable">var_VidaHerói</param>
                            <param id="1" name="Value">2</param>
                        </action>
                        <action behavior="Flash" id="0" name="Flash" sid="512034007812702" type="Herói">
                            <param id="0" name="&apos;On&apos; time">0.1</param>
                            <param id="1" name="&apos;Off&apos; time">0.1</param>
                            <param id="2" name="Duration">1.0</param>
                        </action>
                        <action id="-3" name="Set position" sid="552983464367454" type="FixoHerói">
                            <param id="0" name="X">Herói.X - 50</param>
                            <param id="1" name="Y">Herói.Y</param>
                        </action>
                    </actions>
                </event-block>
                <event-block sid="261107712839341">
                    <conditions>
                        <condition id="-7" name="Compare instance variable" sid="192520088214128" type="Herói">
                            <param id="0" name="Instance variable">var_VidaHerói</param>
                            <param id="1" name="Comparison">3</param>
                            <param id="2" name="Value">0</param>
                        </condition>
                    </conditions>
                    <actions>
                        <action id="-9" name="Destroy" sid="844236513034186" type="Herói" />
                        <action id="-9" name="Destroy" sid="988311765145768" type="FixoHerói" />
                        <action id="-9" name="Destroy" sid="143592918598865" type="FixoChefe" />
                        <action id="-16" name="Wait" sid="563403077761111" type="System">
                            <param id="0" name="Seconds">2</param>
                        </action>
                        <action id="-26" name="Restart layout" sid="155133292854072" type="System" />
                        <action id="-21" name="Reset global variables" sid="350190039733092" type="System" />
                    </actions>
                </event-block>
            </sub-events>
        </event-group>
    </events>
</c2eventsheet>
