﻿<?xml version="1.0" encoding="utf-8" ?>
<c2eventsheet>
    <!--All the 'name' attributes are ignored by Construct 2 - they are there for readability only.-->
    <name>Event sheet 1</name>
    <events>
        <event-block sid="694119181180724">
            <conditions>
                <condition id="0" name="On click" sid="817488330000951" type="Mouse">
                    <param id="0" name="Mouse button">0</param>
                    <param id="1" name="Click type">0</param>
                </condition>
            </conditions>
            <actions>
                <action id="-3" name="Create object" sid="907083723412349" type="System">
                    <param id="0" name="Object to create">Explode</param>
                    <param id="1" name="Layer">0</param>
                    <param id="2" name="X">Mouse.X</param>
                    <param id="3" name="Y">Mouse.Y</param>
                </action>
            </actions>
        </event-block>
        <event-block sid="429735401862982">
            <conditions>
                <condition id="-3" name="Is on-screen" sid="457696226258459" type="Explode" />
            </conditions>
            <actions>
                <action id="-16" name="Wait" sid="651860978379276" type="System">
                    <param id="0" name="Seconds">0.1</param>
                </action>
                <action id="-9" name="Destroy" sid="704575254490049" type="Explode" />
            </actions>
        </event-block>
        <event-block sid="622639384921414">
            <conditions>
                <condition id="0" name="On collision with another object" sid="292840363889268" type="Caixa">
                    <param id="0" name="Object">Explode</param>
                </condition>
            </conditions>
            <actions>
                <action behavior="Physics" id="4" name="Apply impulse towards position" sid="265300490911410" type="Caixa">
                    <param id="0" name="Impulse">20</param>
                    <param id="1" name="X">Explode.X</param>
                    <param id="2" name="Y">Explode.Y</param>
                    <param id="3" name="Image point">0</param>
                </action>
            </actions>
        </event-block>
        <event-block sid="373110453678754">
            <conditions>
                <condition id="0" name="On collision with another object" sid="967775464160105" type="Caixa2">
                    <param id="0" name="Object">Explode</param>
                </condition>
            </conditions>
            <actions>
                <action behavior="Physics" id="4" name="Apply impulse towards position" sid="674289931588745" type="Caixa2">
                    <param id="0" name="Impulse">75</param>
                    <param id="1" name="X">Explode.X</param>
                    <param id="2" name="Y">Explode.Y</param>
                    <param id="3" name="Image point">0</param>
                </action>
            </actions>
        </event-block>
    </events>
</c2eventsheet>
