﻿<?xml version="1.0" encoding="utf-8" ?>
<c2eventsheet>
    <!--All the 'name' attributes are ignored by Construct 2 - they are there for readability only.-->
    <name>Event sheet 1</name>
    <events>
        <variable constant="0" name="var_Pontos" sid="774477170276961" static="0" type="number">0</variable>
        <variable constant="0" name="var_Velocidade" sid="831928231801733" static="0" type="number">40</variable>
        <variable constant="0" name="var_VidaTotal" sid="504642698848639" static="0" type="number">10</variable>
        <event-block sid="590968424804195">
            <conditions>
                <condition id="-1" name="Every tick" sid="751491991594001" type="System" />
            </conditions>
            <actions>
                <action id="0" name="Set text" sid="125819702369336" type="txtPontos">
                    <param id="0" name="Text">&quot;Pontos: &quot; &amp; var_Pontos</param>
                </action>
                <action id="0" name="Set text" sid="125952072707668" type="txtVida">
                    <param id="0" name="Text">&quot;Vida: &quot; &amp; var_VidaTotal</param>
                </action>
            </actions>
        </event-block>
        <event-block sid="726441904457037">
            <conditions>
                <condition id="-2" name="On start of layout" sid="806692005216130" type="System" />
            </conditions>
            <actions>
                <action id="-8" name="Set angle" sid="908423084363164" type="Monstro">
                    <param id="0" name="Angle">-90</param>
                </action>
            </actions>
        </event-block>
        <event-block sid="556550094620563">
            <conditions>
                <condition id="-6" name="Every X seconds" sid="893656661048937" type="System">
                    <param id="0" name="Interval (seconds)">1.5</param>
                </condition>
            </conditions>
            <actions>
                <action id="-3" name="Create object" sid="905583567788322" type="System">
                    <param id="0" name="Object to create">Monstro</param>
                    <param id="1" name="Layer">0</param>
                    <param id="2" name="X">random(625)</param>
                    <param id="3" name="Y">520</param>
                </action>
                <action behavior="Bullet" id="0" name="Set speed" sid="831069781094683" type="Monstro">
                    <param id="0" name="Speed">var_Velocidade</param>
                </action>
            </actions>
        </event-block>
        <event-block sid="398038647230099">
            <conditions>
                <condition id="0" name="On key pressed" sid="296399788374386" type="Keyboard">
                    <param id="0" name="Key">32</param>
                </condition>
            </conditions>
            <actions>
                <action id="0" name="Spawn another object" sid="879850399673509" type="Herói">
                    <param id="0" name="Object">Magia</param>
                    <param id="1" name="Layer">0</param>
                    <param id="2" name="Image point">0</param>
                </action>
                <action id="-8" name="Set angle" sid="631493912854226" type="Magia">
                    <param id="0" name="Angle">90</param>
                </action>
            </actions>
        </event-block>
        <event-block sid="253653655960392">
            <conditions>
                <condition id="2" name="Key is down" sid="919850538029652" type="Keyboard">
                    <param id="0" name="Key">39</param>
                </condition>
            </conditions>
            <actions>
                <action id="7" name="Set mirrored" sid="273788396776821" type="Herói">
                    <param id="0" name="State">1</param>
                </action>
                <action behavior="Platform" id="7" name="Simulate control" sid="284155258760476" type="Herói">
                    <param id="0" name="Control">0</param>
                </action>
            </actions>
        </event-block>
        <event-block sid="245448618918753">
            <conditions>
                <condition id="2" name="Key is down" sid="459246069377159" type="Keyboard">
                    <param id="0" name="Key">37</param>
                </condition>
            </conditions>
            <actions>
                <action id="7" name="Set mirrored" sid="420580182053970" type="Herói">
                    <param id="0" name="State">0</param>
                </action>
                <action behavior="Platform" id="7" name="Simulate control" sid="231032819057094" type="Herói">
                    <param id="0" name="Control">0</param>
                </action>
            </actions>
        </event-block>
        <event-block sid="238224574385098">
            <conditions>
                <condition id="0" name="On collision with another object" sid="790686272519083" type="Magia">
                    <param id="0" name="Object">Monstro</param>
                </condition>
            </conditions>
            <actions>
                <action id="-12" name="Subtract from" sid="757466647985666" type="Monstro">
                    <param id="0" name="Instance variable">var_VidaMonstro</param>
                    <param id="1" name="Value">1</param>
                </action>
                <action id="-9" name="Destroy" sid="603956537039551" type="Magia" />
            </actions>
        </event-block>
        <event-block sid="427439275414438">
            <conditions>
                <condition id="0" name="On collision with another object" sid="708343179002838" type="Monstro">
                    <param id="0" name="Object">Chegada</param>
                </condition>
            </conditions>
            <actions>
                <action id="-11" name="Subtract from" sid="299080211816363" type="System">
                    <param id="0" name="Variable">var_Pontos</param>
                    <param id="1" name="Value">1</param>
                </action>
                <action id="-11" name="Subtract from" sid="246007806674227" type="System">
                    <param id="0" name="Variable">var_VidaTotal</param>
                    <param id="1" name="Value">1</param>
                </action>
                <action id="-9" name="Destroy" sid="505928234465212" type="Monstro" />
            </actions>
        </event-block>
        <event-block sid="581470689720933">
            <conditions>
                <condition id="-7" name="Compare instance variable" sid="330621359991636" type="Monstro">
                    <param id="0" name="Instance variable">var_VidaMonstro</param>
                    <param id="1" name="Comparison">3</param>
                    <param id="2" name="Value">0</param>
                </condition>
            </conditions>
            <actions>
                <action id="-10" name="Add to" sid="443229048401507" type="System">
                    <param id="0" name="Variable">var_Pontos</param>
                    <param id="1" name="Value">1</param>
                </action>
                <action id="-10" name="Add to" sid="651661102677278" type="System">
                    <param id="0" name="Variable">var_Velocidade</param>
                    <param id="1" name="Value">2</param>
                </action>
                <action id="0" name="Spawn another object" sid="920164175384197" type="Monstro">
                    <param id="0" name="Object">Fumaça</param>
                    <param id="1" name="Layer">0</param>
                    <param id="2" name="Image point">Monstro.X</param>
                </action>
                <action id="-9" name="Destroy" sid="111334842710954" type="Monstro" />
            </actions>
        </event-block>
        <event-block sid="486833348152249">
            <conditions>
                <condition id="-14" name="Compare variable" sid="283752284132631" type="System">
                    <param id="0" name="Variable">var_VidaTotal</param>
                    <param id="1" name="Comparison">0</param>
                    <param id="2" name="Value">0</param>
                </condition>
            </conditions>
            <actions>
                <action id="-26" name="Restart layout" sid="282152495068472" type="System" />
                <action id="-21" name="Reset global variables" sid="625011661877709" type="System" />
            </actions>
        </event-block>
    </events>
</c2eventsheet>
