﻿<?xml version="1.0" encoding="utf-8" ?>
<c2eventsheet>
    <!--All the 'name' attributes are ignored by Construct 2 - they are there for readability only.-->
    <name>Event sheet 1</name>
    <events>
        <event-block sid="966070922514021">
            <conditions>
                <condition id="-1" name="Every tick" sid="389669212582312" type="System" />
            </conditions>
            <actions>
                <action id="-1" name="Set X" sid="231683435377460" type="MapaIcone">
                    <param id="0" name="X">Mapa.X +Mapa.Width *(Player.X/LayoutWidth)</param>
                </action>
                <action id="-2" name="Set Y" sid="698654615544643" type="MapaIcone">
                    <param id="0" name="Y">Mapa.Y+Mapa.Width * (Player.Y/LayoutHeight)</param>
                </action>
            </actions>
        </event-block>
    </events>
</c2eventsheet>
