﻿<?xml version="1.0" encoding="utf-8" ?>
<c2eventsheet>
    <!--All the 'name' attributes are ignored by Construct 2 - they are there for readability only.-->
    <name>Event sheet 1</name>
    <events>
        <event-block sid="369713810377247">
            <conditions>
                <condition id="1" name="Is overlapping another object" sid="423997505425651" type="ObjCima">
                    <param id="0" name="Object">ObjBaixo</param>
                </condition>
            </conditions>
            <actions />
            <sub-events>
                <event-block sid="865012475395842">
                    <conditions>
                        <condition id="-8" name="Compare two values" sid="574914513497897" type="System">
                            <param id="0" name="First value">ObjCima.X + ObjCima.Width/2</param>
                            <param id="1" name="Comparison">3</param>
                            <param id="2" name="Second value">ObjBaixo.X + ObjBaixo.Width/2</param>
                        </condition>
                        <condition id="-8" name="Compare two values" sid="682500401734110" type="System">
                            <param id="0" name="First value">ObjCima.Y + ObjCima.Height/2</param>
                            <param id="1" name="Comparison">5</param>
                            <param id="2" name="Second value">ObjBaixo.Y + ObjBaixo.Height/2</param>
                        </condition>
                        <condition id="-8" name="Compare two values" sid="888088751213045" type="System">
                            <param id="0" name="First value">ObjCima.Y + ObjCima.Height/2</param>
                            <param id="1" name="Comparison">3</param>
                            <param id="2" name="Second value">ObjBaixo.Y + ObjBaixo.Height/2</param>
                        </condition>
                        <condition id="-8" name="Compare two values" sid="310817642053353" type="System">
                            <param id="0" name="First value">ObjCima.X + ObjCima.Width/2</param>
                            <param id="1" name="Comparison">5</param>
                            <param id="2" name="Second value">ObjBaixo.X + ObjBaixo.Width/2</param>
                        </condition>
                    </conditions>
                    <actions>
                        <action id="0" name="Set text" sid="529294886922672" type="Text">
                            <param id="0" name="Text">&quot;COMPLETAMENTE EM CIMA&quot;</param>
                        </action>
                    </actions>
                </event-block>
                <event-block sid="843308751451009">
                    <conditions>
                        <condition id="-22" name="Else" sid="385240198547797" type="System" />
                    </conditions>
                    <actions>
                        <action id="0" name="Set text" sid="789444184429111" type="Text">
                            <param id="0" name="Text">&quot;Ainda não está em cima&quot;</param>
                        </action>
                    </actions>
                </event-block>
            </sub-events>
        </event-block>
        <event-block sid="786289946236931">
            <conditions>
                <condition id="-22" name="Else" sid="199753487654100" type="System" />
            </conditions>
            <actions>
                <action id="0" name="Set text" sid="998182014675604" type="Text">
                    <param id="0" name="Text">&quot;Fora&quot;</param>
                </action>
            </actions>
        </event-block>
    </events>
</c2eventsheet>
