﻿<?xml version="1.0" encoding="utf-8" ?>
<c2eventsheet>
    <!--All the 'name' attributes are ignored by Construct 2 - they are there for readability only.-->
    <name>Event sheet 1</name>
    <events>
        <event-block sid="253698529078642">
            <conditions>
                <condition id="-6" name="Every X seconds" sid="920486855902650" type="System">
                    <param id="0" name="Interval (seconds)">0.05</param>
                </condition>
            </conditions>
            <actions>
                <action id="0" name="Set text" sid="230852093395950" type="TextoDestino">
                    <param id="0" name="Text">left(TextoOriginal.Text, len(TextoDestino.Text) +2)</param>
                </action>
            </actions>
        </event-block>
        <event-block sid="202012032901610">
            <conditions>
                <condition id="0" name="Compare text" sid="541729490074019" type="TextoDestino">
                    <param id="0" name="Text to compare">&quot;...quando consegui me recompor, a batalha parecia encerrada. Os sobreviventes da caravana fugiram, deixando para trás os carroções em chamas e os corpos de seus protetores....&quot;</param>
                    <param id="1" name="Case sensitivity">0</param>
                </condition>
            </conditions>
            <actions>
                <action id="-15" name="Set visible" sid="312122149739269" type="Espaço">
                    <param id="0" name="Visibility">1</param>
                </action>
            </actions>
        </event-block>
    </events>
</c2eventsheet>
