﻿<?xml version="1.0" encoding="utf-8" ?>
<c2eventsheet>
    <!--All the 'name' attributes are ignored by Construct 2 - they are there for readability only.-->
    <name>Event sheet 1</name>
    <events>
        <variable constant="0" name="NumeroAleatorio" sid="547824205870868" static="0" type="number">0</variable>
        <event-block sid="777376429926925">
            <conditions>
                <condition id="0" name="On key pressed" sid="472413184748877" type="Keyboard">
                    <param id="0" name="Key">17</param>
                </condition>
            </conditions>
            <actions>
                <action id="0" name="Spawn another object" sid="407374311344677" type="Player">
                    <param id="0" name="Object">Bala</param>
                    <param id="1" name="Layer">1</param>
                    <param id="2" name="Image point">1</param>
                </action>
            </actions>
        </event-block>
        <event-block sid="323733110550079">
            <conditions>
                <condition id="0" name="On collision with another object" sid="572346929809449" type="Bala">
                    <param id="0" name="Object">Inimigo</param>
                </condition>
            </conditions>
            <actions>
                <action id="-9" name="Set value" sid="564635656540851" type="System">
                    <param id="0" name="Variable">NumeroAleatorio</param>
                    <param id="1" name="Value">random(0,10)</param>
                </action>
                <action id="-9" name="Destroy" sid="880431516463327" type="Inimigo" />
                <action id="-16" name="Wait" sid="800019345610793" type="System">
                    <param id="0" name="Seconds">0.2</param>
                </action>
                <action id="-3" name="Create object" sid="427224056194358" type="System">
                    <param id="0" name="Object to create">Inimigo</param>
                    <param id="1" name="Layer">1</param>
                    <param id="2" name="X">313</param>
                    <param id="3" name="Y">257</param>
                </action>
            </actions>
            <sub-events>
                <event-block sid="100333039240309">
                    <conditions>
                        <condition id="-14" name="Compare variable" sid="390058243870971" type="System">
                            <param id="0" name="Variable">NumeroAleatorio</param>
                            <param id="1" name="Comparison">3</param>
                            <param id="2" name="Value">5</param>
                        </condition>
                    </conditions>
                    <actions>
                        <action id="0" name="Spawn another object" sid="229351882396100" type="Inimigo">
                            <param id="0" name="Object">Itens</param>
                            <param id="1" name="Layer">1</param>
                            <param id="2" name="Image point">0</param>
                        </action>
                        <action id="5" name="Set frame" sid="268472112796435" type="Itens">
                            <param id="0" name="Frame number">random(3)</param>
                        </action>
                    </actions>
                </event-block>
            </sub-events>
        </event-block>
    </events>
</c2eventsheet>
