﻿<?xml version="1.0" encoding="utf-8" ?>
<c2eventsheet>
    <!--All the 'name' attributes are ignored by Construct 2 - they are there for readability only.-->
    <name>Event sheet 1</name>
    <events>
        <event-block sid="384302164410353">
            <conditions>
                <condition id="-2" name="On start of layout" sid="918625897577235" type="System" />
            </conditions>
            <actions>
                <action id="-9" name="Destroy" sid="133380088290556" type="Ponto" />
            </actions>
        </event-block>
        <event-block sid="214319047575913">
            <conditions>
                <condition id="6" name="On object clicked" sid="437392141201617" type="Mouse">
                    <param id="0" name="Mouse button">0</param>
                    <param id="1" name="Click type">0</param>
                    <param id="2" name="Object clicked">Caixa</param>
                </condition>
            </conditions>
            <actions>
                <action id="-3" name="Create object" sid="110169805205226" type="System">
                    <param id="0" name="Object to create">Ponto</param>
                    <param id="1" name="Layer">0</param>
                    <param id="2" name="X">Mouse.X</param>
                    <param id="3" name="Y">Mouse.Y</param>
                </action>
                <action behavior="Physics" id="11" name="Create revolute joint" sid="163901609814161" type="Ponto">
                    <param id="0" name="This image point">0</param>
                    <param id="1" name="Object">Caixa</param>
                </action>
            </actions>
        </event-block>
    </events>
</c2eventsheet>
