﻿<?xml version="1.0" encoding="utf-8" ?>
<c2eventsheet>
    <!--All the 'name' attributes are ignored by Construct 2 - they are there for readability only.-->
    <name>Event sheet 1</name>
    <events>
        <variable constant="0" name="var_Poder" sid="849733685039738" static="0" type="number">0</variable>
        <event-block sid="271308372641649">
            <conditions>
                <condition id="2" name="Mouse button is down" sid="824186383518338" type="Mouse">
                    <param id="0" name="Mouse button">0</param>
                </condition>
            </conditions>
            <actions>
                <action id="4" name="Set animation" sid="317653525654533" type="Canhão">
                    <param id="0" name="Animation">&quot;a2&quot;</param>
                    <param id="1" name="From">1</param>
                </action>
                <action id="2" name="Stop" sid="762901529434193" type="Canhão" />
                <action id="5" name="Set frame" sid="175604968231165" type="Canhão">
                    <param id="0" name="Frame number">0</param>
                </action>
                <action id="-10" name="Add to" sid="898998821020099" type="System">
                    <param id="0" name="Variable">var_Poder</param>
                    <param id="1" name="Value">10</param>
                </action>
            </actions>
        </event-block>
        <event-block sid="868036790548684">
            <conditions>
                <condition id="3" name="On button released" sid="153487859872273" type="Mouse">
                    <param id="0" name="Mouse button">0</param>
                </condition>
            </conditions>
            <actions>
                <action id="3" name="Start" sid="416458624595671" type="Canhão">
                    <param id="0" name="From">0</param>
                </action>
            </actions>
        </event-block>
        <event-block sid="271948800991292">
            <conditions>
                <condition id="4" name="On finished" sid="986849719972451" type="Canhão">
                    <param id="0" name="Animation">&quot;a2&quot;</param>
                </condition>
            </conditions>
            <actions>
                <action id="4" name="Set animation" sid="154844979277557" type="Canhão">
                    <param id="0" name="Animation">&quot;a1&quot;</param>
                    <param id="1" name="From">1</param>
                </action>
            </actions>
        </event-block>
        <event-block sid="514560703812264">
            <conditions>
                <condition id="3" name="Compare frame" sid="120225447010464" type="Canhão">
                    <param id="0" name="Comparison">0</param>
                    <param id="1" name="Number">1</param>
                </condition>
                <condition id="-4" name="Trigger once while true" sid="202774675514247" type="System" />
            </conditions>
            <actions>
                <action id="0" name="Spawn another object" sid="344255751863534" type="Canhão">
                    <param id="0" name="Object">Bola</param>
                    <param id="1" name="Layer">0</param>
                    <param id="2" name="Image point">0</param>
                </action>
                <action behavior="Physics" id="1" name="Apply force towards position" sid="129717860835319" type="Bola">
                    <param id="0" name="Force">var_Poder</param>
                    <param id="1" name="X">Mouse.X</param>
                    <param id="2" name="Y">Mouse.Y</param>
                    <param id="3" name="Image point">0</param>
                </action>
                <action id="-9" name="Set value" sid="480786414360456" type="System">
                    <param id="0" name="Variable">var_Poder</param>
                    <param id="1" name="Value">0</param>
                </action>
            </actions>
        </event-block>
        <event-block sid="295970412996613">
            <conditions>
                <condition id="-1" name="Every tick" sid="344193946202894" type="System" />
            </conditions>
            <actions>
                <action id="3" name="Set progress" sid="489295188943070" type="BarraDePoder">
                    <param id="0" name="Value">var_Poder</param>
                </action>
                <action id="0" name="Set text" sid="391085184137218" type="txtPoder">
                    <param id="0" name="Text">&quot;Poder: &quot; &amp; var_Poder</param>
                </action>
                <action id="-22" name="Set angle toward position" sid="686793529435427" type="Canhão">
                    <param id="0" name="X">Mouse.X</param>
                    <param id="1" name="Y">Mouse.Y</param>
                </action>
                <action id="-3" name="Set position" sid="213223985681683" type="Canhão">
                    <param id="0" name="X">Base.X</param>
                    <param id="1" name="Y">Base.Y</param>
                </action>
            </actions>
        </event-block>
        <event-block sid="340591156803496">
            <conditions>
                <condition id="-14" name="Compare variable" sid="291934814909669" type="System">
                    <param id="0" name="Variable">var_Poder</param>
                    <param id="1" name="Comparison">5</param>
                    <param id="2" name="Value">250</param>
                </condition>
            </conditions>
            <actions>
                <action id="-9" name="Set value" sid="490193341292019" type="System">
                    <param id="0" name="Variable">var_Poder</param>
                    <param id="1" name="Value">340</param>
                </action>
            </actions>
        </event-block>
        <event-block sid="194037488959447">
            <conditions>
                <condition id="0" name="On collision with another object" sid="609718194903606" type="Bola">
                    <param id="0" name="Object">Caixa</param>
                </condition>
            </conditions>
            <actions>
                <action behavior="Physics" id="21" name="Set immovable" sid="679448821686171" type="Caixa">
                    <param id="0" name="Setting">0</param>
                </action>
            </actions>
        </event-block>
        <event-block sid="703660078966401">
            <conditions>
                <condition id="0" name="On collision with another object" sid="913398071585683" type="Caixa">
                    <param id="0" name="Object">Caixa</param>
                </condition>
            </conditions>
            <actions>
                <action behavior="Physics" id="21" name="Set immovable" sid="190088211533015" type="Caixa">
                    <param id="0" name="Setting">0</param>
                </action>
            </actions>
        </event-block>
    </events>
</c2eventsheet>
