﻿<?xml version="1.0" encoding="utf-8" ?>
<c2eventsheet>
    <!--All the 'name' attributes are ignored by Construct 2 - they are there for readability only.-->
    <name>Event sheet 1</name>
    <events>
        <event-block sid="544534753088960">
            <conditions>
                <condition id="2" name="Key is down" sid="702975794585438" type="Keyboard">
                    <param id="0" name="Key">87</param>
                </condition>
            </conditions>
            <actions>
                <action behavior="Platform" id="7" name="Simulate control" sid="566084014234703" type="Herói">
                    <param id="0" name="Control">2</param>
                </action>
            </actions>
        </event-block>
        <event-block sid="160219024279148">
            <conditions>
                <condition id="2" name="Key is down" sid="838162188338053" type="Keyboard">
                    <param id="0" name="Key">65</param>
                </condition>
            </conditions>
            <actions>
                <action behavior="Platform" id="7" name="Simulate control" sid="785139432910442" type="Herói">
                    <param id="0" name="Control">0</param>
                </action>
            </actions>
        </event-block>
        <event-block sid="583499058793854">
            <conditions>
                <condition id="2" name="Key is down" sid="642525279909298" type="Keyboard">
                    <param id="0" name="Key">68</param>
                </condition>
            </conditions>
            <actions>
                <action behavior="Platform" id="7" name="Simulate control" sid="587393521781272" type="Herói">
                    <param id="0" name="Control">1</param>
                </action>
            </actions>
        </event-block>
        <event-block sid="321880440663673">
            <conditions>
                <condition id="-2" name="On start of layout" sid="122435923924829" type="System" />
            </conditions>
            <actions>
                <action id="-3" name="Set position" sid="113272410033248" type="Barra">
                    <param id="0" name="X">Base.X</param>
                    <param id="1" name="Y">Base.Y</param>
                </action>
                <action id="-10" name="Set value" sid="982015914882123" type="Barra">
                    <param id="0" name="Instance variable">ValorInicial</param>
                    <param id="1" name="Value">Herói.Vida</param>
                </action>
                <action id="-10" name="Set value" sid="697918345627109" type="Barra">
                    <param id="0" name="Instance variable">Tamanho</param>
                    <param id="1" name="Value">Self.Width</param>
                </action>
                <action id="-10" name="Set value" sid="759072555907125" type="Barra">
                    <param id="0" name="Instance variable">Tamanho</param>
                    <param id="1" name="Value">Self.Width/Herói.Vida</param>
                </action>
            </actions>
        </event-block>
        <event-block sid="185190634122299">
            <conditions>
                <condition id="-1" name="Every tick" sid="340839512156229" type="System" />
            </conditions>
            <actions>
                <action id="-5" name="Set width" sid="749558409454114" type="Barra">
                    <param id="0" name="Width">Self.LarguraInicial+(Herói.Vida - Self.ValorInicial) * Self.Tamanho</param>
                </action>
            </actions>
        </event-block>
        <event-block sid="523843207278231">
            <conditions>
                <condition id="0" name="On collision with another object" sid="645095993718867" type="Herói">
                    <param id="0" name="Object">Inimigo</param>
                </condition>
            </conditions>
            <actions>
                <action id="-12" name="Subtract from" sid="466309436348798" type="Herói">
                    <param id="0" name="Instance variable">Vida</param>
                    <param id="1" name="Value">10</param>
                </action>
            </actions>
        </event-block>
        <event-block sid="168027580072497">
            <conditions>
                <condition id="-7" name="Compare instance variable" sid="812131903040456" type="Herói">
                    <param id="0" name="Instance variable">Vida</param>
                    <param id="1" name="Comparison">0</param>
                    <param id="2" name="Value">0</param>
                </condition>
            </conditions>
            <actions>
                <action id="-26" name="Restart layout" sid="467614642660238" type="System" />
            </actions>
        </event-block>
    </events>
</c2eventsheet>
