﻿<?xml version="1.0" encoding="utf-8" ?>
<c2eventsheet>
    <!--All the 'name' attributes are ignored by Construct 2 - they are there for readability only.-->
    <name>Event sheet 1</name>
    <events>
        <variable constant="0" name="CriaChegada" sid="310408974564365" static="0" type="number">0</variable>
        <event-block sid="292949915515813">
            <conditions>
                <condition id="1" name="On any click" sid="423599521163869" type="Mouse" />
                <condition id="-14" name="Compare variable" sid="164289552066022" type="System">
                    <param id="0" name="Variable">CriaChegada</param>
                    <param id="1" name="Comparison">0</param>
                    <param id="2" name="Value">0</param>
                </condition>
            </conditions>
            <actions>
                <action id="-3" name="Create object" sid="128763083927258" type="System">
                    <param id="0" name="Object to create">Chegada</param>
                    <param id="1" name="Layer">1</param>
                    <param id="2" name="X">Mouse.X</param>
                    <param id="3" name="Y">Mouse.Y</param>
                </action>
                <action id="-9" name="Set value" sid="394727311354982" type="System">
                    <param id="0" name="Variable">CriaChegada</param>
                    <param id="1" name="Value">1</param>
                </action>
                <action behavior="Pathfinding" id="0" name="Find path" sid="795954023351266" type="Player">
                    <param id="0" name="X">Mouse.X</param>
                    <param id="1" name="Y">Mouse.Y</param>
                </action>
            </actions>
        </event-block>
        <event-block sid="434138135714866">
            <conditions>
                <condition id="0" name="On collision with another object" sid="717469669632330" type="Player">
                    <param id="0" name="Object">Chegada</param>
                </condition>
            </conditions>
            <actions>
                <action id="-9" name="Destroy" sid="579608131732396" type="Chegada" />
                <action id="-9" name="Set value" sid="671776298320444" type="System">
                    <param id="0" name="Variable">CriaChegada</param>
                    <param id="1" name="Value">0</param>
                </action>
            </actions>
        </event-block>
        <event-block sid="795471181154660">
            <conditions>
                <condition behavior="Pathfinding" id="0" name="On path found" sid="628703862834621" type="Player" />
            </conditions>
            <actions>
                <action behavior="Pathfinding" id="1" name="Move along path" sid="881003797641256" type="Player" />
            </actions>
        </event-block>
        <event-block sid="533073038385757">
            <conditions>
                <condition id="-18" name="On created" sid="838229864960190" type="Chegada" />
                <condition id="-4" name="Is outside layout" sid="848957447433499" type="Chegada" />
            </conditions>
            <actions>
                <action id="-9" name="Destroy" sid="653315904535333" type="Chegada" />
                <action behavior="Pathfinding" id="2" name="Stop" sid="483508372369654" type="Player" />
                <action behavior="Pathfinding" id="8" name="Set acceleration" sid="736344091585358" type="Player">
                    <param id="0" name="Acceleration">0</param>
                </action>
            </actions>
        </event-block>
    </events>
</c2eventsheet>
