﻿<?xml version="1.0" encoding="utf-8" ?>
<c2eventsheet>
    <!--All the 'name' attributes are ignored by Construct 2 - they are there for readability only.-->
    <name>Event sheet 1</name>
    <events>
        <event-block sid="759468112557095">
            <conditions>
                <condition id="0" name="On key pressed" sid="912767369562201" type="Keyboard">
                    <param id="0" name="Key">65</param>
                </condition>
            </conditions>
            <actions>
                <action behavior="Platform" id="7" name="Simulate control" sid="578799404990539" type="Herói">
                    <param id="0" name="Control">0</param>
                </action>
            </actions>
        </event-block>
        <event-block sid="786297867661939">
            <conditions>
                <condition id="0" name="On key pressed" sid="110889970264265" type="Keyboard">
                    <param id="0" name="Key">68</param>
                </condition>
            </conditions>
            <actions>
                <action behavior="Platform" id="7" name="Simulate control" sid="125650652432972" type="Herói">
                    <param id="0" name="Control">1</param>
                </action>
            </actions>
        </event-block>
        <event-block sid="726262372977615">
            <conditions>
                <condition id="0" name="On key pressed" sid="208712898879116" type="Keyboard">
                    <param id="0" name="Key">87</param>
                </condition>
            </conditions>
            <actions>
                <action behavior="Platform" id="7" name="Simulate control" sid="934923559883179" type="Herói">
                    <param id="0" name="Control">2</param>
                </action>
            </actions>
        </event-block>
        <event-block sid="129460448481279">
            <conditions>
                <condition id="0" name="On collision with another object" sid="873152575144340" type="Herói">
                    <param id="0" name="Object">Inimigo</param>
                </condition>
            </conditions>
            <actions>
                <action id="-12" name="Subtract from" sid="435241630869448" type="Herói">
                    <param id="0" name="Instance variable">Vida</param>
                    <param id="1" name="Value">1</param>
                </action>
            </actions>
        </event-block>
        <event-block sid="245027594233345">
            <conditions>
                <condition id="-7" name="Compare instance variable" sid="332022142296851" type="Herói">
                    <param id="0" name="Instance variable">Vida</param>
                    <param id="1" name="Comparison">0</param>
                    <param id="2" name="Value">0</param>
                </condition>
            </conditions>
            <actions>
                <action id="-26" name="Restart layout" sid="150023795497828" type="System" />
            </actions>
        </event-block>
        <event-block sid="908987873445534">
            <conditions>
                <condition behavior="Platform" id="2" name="Is on floor" sid="832741695112282" type="Herói" />
            </conditions>
            <actions>
                <action id="-26" name="Restart layout" sid="473112115871792" type="System" />
            </actions>
        </event-block>
    </events>
</c2eventsheet>
