﻿<?xml version="1.0" encoding="utf-8" ?>
<c2eventsheet>
    <!--All the 'name' attributes are ignored by Construct 2 - they are there for readability only.-->
    <name>Event sheet 1</name>
    <events>
        <event-block sid="638973857433169">
            <conditions>
                <condition id="-1" name="Every tick" sid="181188037208672" type="System" />
            </conditions>
            <actions>
                <action id="-22" name="Set angle toward position" sid="617270942107093" type="Imã">
                    <param id="0" name="X">Metal.X</param>
                    <param id="1" name="Y">Metal.Y</param>
                </action>
                <action id="-3" name="Set position" sid="881617922089376" type="Imã">
                    <param id="0" name="X">Mouse.X</param>
                    <param id="1" name="Y">Mouse.Y</param>
                </action>
            </actions>
        </event-block>
    </events>
</c2eventsheet>
