﻿<?xml version="1.0" encoding="utf-8" ?>
<c2eventsheet>
    <!--All the 'name' attributes are ignored by Construct 2 - they are there for readability only.-->
    <name>Event sheet 1</name>
    <events>
        <event-group description="" sid="584204381232714" title="Neve">
            <sub-events>
                <event-block sid="470250352917565">
                    <conditions>
                        <condition id="-6" name="Every X seconds" sid="562738532792589" type="System">
                            <param id="0" name="Interval (seconds)">0.1</param>
                        </condition>
                        <condition id="-12" name="Repeat" sid="833737317360732" type="System">
                            <param id="0" name="Count">3</param>
                        </condition>
                        <condition id="-7" name="Compare instance variable" sid="386903585471346" type="Gerador">
                            <param id="0" name="Instance variable">var_Elemento</param>
                            <param id="1" name="Comparison">0</param>
                            <param id="2" name="Value">0</param>
                        </condition>
                    </conditions>
                    <actions>
                        <action id="0" name="Spawn another object" sid="879572724077672" type="Gerador">
                            <param id="0" name="Object">Neve</param>
                            <param id="1" name="Layer">0</param>
                            <param id="2" name="Image point">0</param>
                        </action>
                        <action id="-7" name="Set size" sid="636966975297206" type="Neve">
                            <param id="0" name="Width">random(3,5)</param>
                            <param id="1" name="Height">random(3,5)</param>
                        </action>
                        <action id="-16" name="Set opacity" sid="303392073712490" type="Neve">
                            <param id="0" name="Opacity">random(70,100)</param>
                        </action>
                    </actions>
                </event-block>
                <event-block sid="109283570859685">
                    <conditions>
                        <condition id="-6" name="Every X seconds" sid="921315641268988" type="System">
                            <param id="0" name="Interval (seconds)">random(0.5, 0.3)</param>
                        </condition>
                    </conditions>
                    <actions>
                        <action id="-20" name="Rotate toward angle" sid="836480250213850" type="Neve">
                            <param id="0" name="Degrees">50</param>
                            <param id="1" name="Angle">random(0, 180)</param>
                        </action>
                    </actions>
                </event-block>
            </sub-events>
        </event-group>
        <event-group description="" sid="654253606461277" title="Herói">
            <sub-events>
                <event-block sid="890826993772747">
                    <conditions>
                        <condition id="0" name="On key pressed" sid="841102832411797" type="Keyboard">
                            <param id="0" name="Key">37</param>
                        </condition>
                    </conditions>
                    <actions>
                        <action id="7" name="Set mirrored" sid="363959149931954" type="Herói">
                            <param id="0" name="State">0</param>
                        </action>
                    </actions>
                </event-block>
                <event-block sid="917669981854135">
                    <conditions>
                        <condition id="0" name="On key pressed" sid="444367336893295" type="Keyboard">
                            <param id="0" name="Key">39</param>
                        </condition>
                    </conditions>
                    <actions>
                        <action id="7" name="Set mirrored" sid="706548745596273" type="Herói">
                            <param id="0" name="State">1</param>
                        </action>
                    </actions>
                </event-block>
            </sub-events>
        </event-group>
        <event-group description="" sid="276517162230660" title="Colisão Neve">
            <sub-events>
                <event-block sid="909250356568445">
                    <conditions>
                        <condition id="0" name="On collision with another object" sid="653939862534105" type="Neve">
                            <param id="0" name="Object">Chão</param>
                        </condition>
                    </conditions>
                    <actions>
                        <action behavior="Bullet" id="2" name="Set gravity" sid="822074137148128" type="Neve">
                            <param id="0" name="Gravity">0</param>
                        </action>
                        <action behavior="Bullet" id="0" name="Set speed" sid="160599354926139" type="Neve">
                            <param id="0" name="Speed">0</param>
                        </action>
                        <action id="-16" name="Wait" sid="824601487480847" type="System">
                            <param id="0" name="Seconds">2</param>
                        </action>
                        <action id="-9" name="Destroy" sid="716459553095793" type="Neve" />
                    </actions>
                </event-block>
                <event-block sid="682315093809202">
                    <conditions>
                        <condition id="0" name="On collision with another object" sid="526806361366644" type="Neve">
                            <param id="0" name="Object">Herói</param>
                        </condition>
                    </conditions>
                    <actions>
                        <action behavior="Pin" id="0" name="Pin to object" sid="348003991793352" type="Neve">
                            <param id="0" name="Pin to">Herói</param>
                            <param id="1" name="Mode">0</param>
                        </action>
                        <action id="-16" name="Wait" sid="660633074220011" type="System">
                            <param id="0" name="Seconds">2</param>
                        </action>
                        <action id="-9" name="Destroy" sid="598516232737587" type="Neve" />
                    </actions>
                </event-block>
            </sub-events>
        </event-group>
        <event-group description="" sid="942716802093042" title="Chuva">
            <sub-events>
                <event-block sid="810394415196775">
                    <conditions>
                        <condition id="-6" name="Every X seconds" sid="459062433737879" type="System">
                            <param id="0" name="Interval (seconds)">0.1</param>
                        </condition>
                        <condition id="-12" name="Repeat" sid="291247352143413" type="System">
                            <param id="0" name="Count">3</param>
                        </condition>
                        <condition id="-7" name="Compare instance variable" sid="155363601256983" type="Gerador">
                            <param id="0" name="Instance variable">var_Elemento</param>
                            <param id="1" name="Comparison">0</param>
                            <param id="2" name="Value">1</param>
                        </condition>
                    </conditions>
                    <actions>
                        <action id="-3" name="Create object" sid="494265918783984" type="System">
                            <param id="0" name="Object to create">Água</param>
                            <param id="1" name="Layer">0</param>
                            <param id="2" name="X">random(Gerador.X-50, Gerador.Y+50)</param>
                            <param id="3" name="Y">Gerador.Y</param>
                        </action>
                        <action id="-7" name="Set size" sid="696955114662194" type="Água">
                            <param id="0" name="Width">random(3,5)</param>
                            <param id="1" name="Height">random(3,5)</param>
                        </action>
                        <action id="-16" name="Set opacity" sid="276166946702599" type="Água">
                            <param id="0" name="Opacity">random(90,100)</param>
                        </action>
                        <action id="-20" name="Rotate toward angle" sid="280205891556844" type="Água">
                            <param id="0" name="Degrees">50</param>
                            <param id="1" name="Angle">random(0,180)</param>
                        </action>
                    </actions>
                </event-block>
            </sub-events>
        </event-group>
        <event-group description="" sid="538631145309716" title="Colisão Chuva" />
        <event-block sid="562317432560668">
            <conditions>
                <condition id="0" name="On collision with another object" sid="749652579403580" type="Água">
                    <param id="0" name="Object">Chão</param>
                </condition>
            </conditions>
            <actions>
                <action behavior="Bullet" id="4" name="Bounce off object" sid="476534313403389" type="Água">
                    <param id="0" name="Object">Chão</param>
                </action>
                <action behavior="Bullet" id="0" name="Set speed" sid="591247120018870" type="Água">
                    <param id="0" name="Speed">random(100, 0)</param>
                </action>
                <action id="-20" name="Rotate toward angle" sid="497068844491649" type="Água">
                    <param id="0" name="Degrees">50</param>
                    <param id="1" name="Angle">random(340, 180)</param>
                </action>
                <action id="-16" name="Wait" sid="477356923946730" type="System">
                    <param id="0" name="Seconds">0.5</param>
                </action>
                <action id="-9" name="Destroy" sid="351085578531585" type="Água" />
            </actions>
        </event-block>
        <event-block sid="926973273249110">
            <conditions>
                <condition id="0" name="On collision with another object" sid="978039050434955" type="Água">
                    <param id="0" name="Object">Herói</param>
                </condition>
            </conditions>
            <actions>
                <action behavior="Bullet" id="4" name="Bounce off object" sid="835023583919933" type="Água">
                    <param id="0" name="Object">Chão</param>
                </action>
                <action behavior="Bullet" id="0" name="Set speed" sid="926033492695636" type="Água">
                    <param id="0" name="Speed">random(100,0)</param>
                </action>
                <action id="-20" name="Rotate toward angle" sid="106285334724313" type="Água">
                    <param id="0" name="Degrees">50</param>
                    <param id="1" name="Angle">random(340,200)</param>
                </action>
                <action id="-16" name="Wait" sid="407722032341173" type="System">
                    <param id="0" name="Seconds">0.5</param>
                </action>
                <action id="-9" name="Destroy" sid="693071601196340" type="Água" />
            </actions>
        </event-block>
    </events>
</c2eventsheet>
