﻿<?xml version="1.0" encoding="utf-8" ?>
<c2eventsheet>
    <!--All the 'name' attributes are ignored by Construct 2 - they are there for readability only.-->
    <name>Event sheet 1</name>
    <events>
        <comment>Quando clicar no botão &quot;Foto&quot; uma screenshoet é tirada do layout</comment>
        <event-block sid="284111563874455">
            <conditions>
                <condition id="0" name="On clicked" sid="492589975485908" type="Foto" />
            </conditions>
            <actions>
                <action id="-27" name="Snapshot canvas" sid="867736301911067" type="System">
                    <param id="0" name="Format">1</param>
                    <param id="1" name="JPEG quality">75</param>
                </action>
            </actions>
        </event-block>
        <event-block sid="568162106132694">
            <conditions>
                <condition id="-26" name="On canvas snapshot" sid="220139054811966" type="System" />
            </conditions>
            <actions>
                <action id="10" name="Load image from URL" sid="429244231642278" type="ExibeFoto">
                    <param id="0" name="URI">CanvasSnapshot</param>
                    <param id="1" name="Size">1</param>
                    <param id="2" name="Cross-origin">0</param>
                </action>
                <action id="3" name="Set enabled" sid="315904512525973" type="Download">
                    <param id="0" name="Mode">1</param>
                </action>
            </actions>
        </event-block>
    </events>
</c2eventsheet>
