﻿<?xml version="1.0" encoding="utf-8" ?>
<c2eventsheet>
    <!--All the 'name' attributes are ignored by Construct 2 - they are there for readability only.-->
    <name>Event sheet 1</name>
    <events>
        <event-block sid="442335693502071">
            <conditions>
                <condition id="6" name="On object clicked" sid="955336317834507" type="Mouse">
                    <param id="0" name="Mouse button">0</param>
                    <param id="1" name="Click type">0</param>
                    <param id="2" name="Object clicked">baú</param>
                </condition>
            </conditions>
            <actions>
                <action id="-11" name="Add to" sid="156312382067704" type="baú">
                    <param id="0" name="Instance variable">variavelClique</param>
                    <param id="1" name="Value">1</param>
                </action>
            </actions>
        </event-block>
        <event-block sid="735805449443739">
            <conditions>
                <condition id="-7" name="Compare instance variable" sid="513476432300688" type="baú">
                    <param id="0" name="Instance variable">variavelClique</param>
                    <param id="1" name="Comparison">5</param>
                    <param id="2" name="Value">3</param>
                </condition>
            </conditions>
            <actions>
                <action id="-16" name="Set opacity" sid="355229043400847" type="baú">
                    <param id="0" name="Opacity">30</param>
                </action>
            </actions>
        </event-block>
        <event-block sid="647712687829989">
            <conditions>
                <condition id="-1" name="Every tick" sid="281245153282435" type="System" />
            </conditions>
            <actions>
                <action id="0" name="Set text" sid="301186805835069" type="Texto">
                    <param id="0" name="Text">baú.variavelClique</param>
                </action>
            </actions>
        </event-block>
    </events>
</c2eventsheet>
