﻿<?xml version="1.0" encoding="utf-8" ?>
<c2eventsheet>
    <!--All the 'name' attributes are ignored by Construct 2 - they are there for readability only.-->
    <name>Event sheet 1</name>
    <events>
        <event-block sid="218244476262386">
            <conditions>
                <condition id="-2" name="On start of layout" sid="998376546239017" type="System" />
            </conditions>
            <actions>
                <action behavior="Turret" id="1" name="Add object to target" sid="697195844539472" type="Turret">
                    <param id="0" name="Target">Player</param>
                </action>
                <action behavior="Turret" id="1" name="Add object to target" sid="151661026843074" type="Turret2">
                    <param id="0" name="Target">Player</param>
                </action>
            </actions>
        </event-block>
        <event-block sid="758272326429142">
            <conditions>
                <condition behavior="Turret" id="1" name="On shoot" sid="325615454819529" type="Turret" />
            </conditions>
            <actions>
                <action id="0" name="Spawn another object" sid="535852182480589" type="Turret">
                    <param id="0" name="Object">Bala</param>
                    <param id="1" name="Layer">0</param>
                    <param id="2" name="Image point">1</param>
                </action>
            </actions>
        </event-block>
        <event-block sid="952137719030083">
            <conditions>
                <condition behavior="Turret" id="1" name="On shoot" sid="160321646694830" type="Turret2" />
            </conditions>
            <actions>
                <action id="0" name="Spawn another object" sid="278587224799007" type="Turret2">
                    <param id="0" name="Object">Bala2</param>
                    <param id="1" name="Layer">0</param>
                    <param id="2" name="Image point">1</param>
                </action>
            </actions>
        </event-block>
        <event-block sid="552495747480609">
            <conditions>
                <condition behavior="Bullet" id="1" name="Compare distance travelled" sid="823972093549946" type="Bala">
                    <param id="0" name="Comparison">0</param>
                    <param id="1" name="Distance">Turret.Turret.Range</param>
                </condition>
            </conditions>
            <actions>
                <action id="-9" name="Destroy" sid="990751904720711" type="Bala" />
            </actions>
        </event-block>
        <event-block sid="532231812453809">
            <conditions>
                <condition behavior="Bullet" id="1" name="Compare distance travelled" sid="615320474606348" type="Bala2">
                    <param id="0" name="Comparison">0</param>
                    <param id="1" name="Distance">Turret2.Turret.Range</param>
                </condition>
            </conditions>
            <actions>
                <action id="-9" name="Destroy" sid="580446882331078" type="Bala2" />
            </actions>
        </event-block>
        <event-block any="1" sid="918620920619895">
            <conditions>
                <condition id="0" name="On collision with another object" sid="783565144545318" type="Bala">
                    <param id="0" name="Object">Player</param>
                </condition>
                <condition id="0" name="On collision with another object" sid="830562585764054" type="Bala2">
                    <param id="0" name="Object">Player</param>
                </condition>
            </conditions>
            <actions>
                <action behavior="Flash" id="0" name="Flash" sid="998904672139753" type="Player">
                    <param id="0" name="&apos;On&apos; time">0.1</param>
                    <param id="1" name="&apos;Off&apos; time">0.1</param>
                    <param id="2" name="Duration">1.0</param>
                </action>
            </actions>
        </event-block>
        <event-block sid="660490114971495">
            <conditions>
                <condition id="0" name="On collision with another object" sid="510455339287154" type="Bala">
                    <param id="0" name="Object">Bala2</param>
                </condition>
            </conditions>
            <actions>
                <action id="-9" name="Destroy" sid="823029026255529" type="Bala" />
                <action id="-9" name="Destroy" sid="779926562619189" type="Bala2" />
            </actions>
        </event-block>
    </events>
</c2eventsheet>
