﻿<?xml version="1.0" encoding="utf-8" ?>
<c2eventsheet>
    <!--All the 'name' attributes are ignored by Construct 2 - they are there for readability only.-->
    <name>Principal</name>
    <events>
        <event-block sid="206799599346898">
            <conditions>
                <condition id="-2" name="Compare Y" sid="448088836096553" type="Player">
                    <param id="0" name="Comparison">2</param>
                    <param id="1" name="Y co-ordinate">0</param>
                </condition>
            </conditions>
            <actions>
                <action id="-2" name="Go to layout" sid="689721817424328" type="System">
                    <param id="0" name="Layout">CimaPrincipal</param>
                </action>
                <action id="-2" name="Set Y" sid="589722517635819" type="Player">
                    <param id="0" name="Y">470</param>
                </action>
            </actions>
        </event-block>
        <event-block sid="829235546244850">
            <conditions>
                <condition id="-2" name="Compare Y" sid="161888332014112" type="Player">
                    <param id="0" name="Comparison">4</param>
                    <param id="1" name="Y co-ordinate">LayoutHeight</param>
                </condition>
            </conditions>
            <actions>
                <action id="-2" name="Go to layout" sid="157961378347992" type="System">
                    <param id="0" name="Layout">BaixoPrincipal</param>
                </action>
                <action id="-2" name="Set Y" sid="548203365742910" type="Player">
                    <param id="0" name="Y">30</param>
                </action>
            </actions>
        </event-block>
        <event-block sid="134415445422038">
            <conditions>
                <condition id="-1" name="Compare X" sid="150568000113426" type="Player">
                    <param id="0" name="Comparison">2</param>
                    <param id="1" name="X co-ordinate">0</param>
                </condition>
            </conditions>
            <actions>
                <action id="-2" name="Go to layout" sid="942307479293344" type="System">
                    <param id="0" name="Layout">EsquerdaPrincipal</param>
                </action>
                <action id="-1" name="Set X" sid="680764558733326" type="Player">
                    <param id="0" name="X">LayoutWidth - 30</param>
                </action>
            </actions>
        </event-block>
        <event-block sid="632566683977756">
            <conditions>
                <condition id="-1" name="Compare X" sid="790754825959309" type="Player">
                    <param id="0" name="Comparison">4</param>
                    <param id="1" name="X co-ordinate">LayoutWidth </param>
                </condition>
            </conditions>
            <actions>
                <action id="-2" name="Go to layout" sid="335121393201415" type="System">
                    <param id="0" name="Layout">DireitaPrincipal</param>
                </action>
                <action id="-1" name="Set X" sid="838660345765359" type="Player">
                    <param id="0" name="X">30</param>
                </action>
            </actions>
        </event-block>
    </events>
</c2eventsheet>
