﻿<?xml version="1.0" encoding="utf-8" ?>
<c2eventsheet>
    <!--All the 'name' attributes are ignored by Construct 2 - they are there for readability only.-->
    <name>DireitaPrincipal</name>
    <events>
        <event-block sid="488676065266868">
            <conditions>
                <condition id="-1" name="Compare X" sid="371953467334760" type="Player">
                    <param id="0" name="Comparison">2</param>
                    <param id="1" name="X co-ordinate">0</param>
                </condition>
            </conditions>
            <actions>
                <action id="-2" name="Go to layout" sid="116688263710478" type="System">
                    <param id="0" name="Layout">Principal</param>
                </action>
                <action id="-1" name="Set X" sid="306940767200504" type="Player">
                    <param id="0" name="X">LayoutWidth -30 </param>
                </action>
            </actions>
        </event-block>
        <event-block sid="399847597185000">
            <conditions>
                <condition id="-2" name="Compare Y" sid="908560415591939" type="Player">
                    <param id="0" name="Comparison">2</param>
                    <param id="1" name="Y co-ordinate">0</param>
                </condition>
            </conditions>
            <actions>
                <action id="-2" name="Go to layout" sid="345090845117254" type="System">
                    <param id="0" name="Layout">DireitaCima</param>
                </action>
                <action id="-2" name="Set Y" sid="521023577925390" type="Player">
                    <param id="0" name="Y">470</param>
                </action>
            </actions>
        </event-block>
        <event-block sid="693126020346641">
            <conditions>
                <condition id="-2" name="Compare Y" sid="764664596753476" type="Player">
                    <param id="0" name="Comparison">4</param>
                    <param id="1" name="Y co-ordinate">LayoutHeight</param>
                </condition>
            </conditions>
            <actions>
                <action id="-2" name="Go to layout" sid="574368427235236" type="System">
                    <param id="0" name="Layout">DireitaBaixo</param>
                </action>
                <action id="-1" name="Set X" sid="587395518561405" type="Player">
                    <param id="0" name="X">30</param>
                </action>
            </actions>
        </event-block>
        <event-block sid="614777096495886">
            <conditions>
                <condition id="0" name="On collision with another object" sid="932424434594380" type="Player">
                    <param id="0" name="Object">SemPersist</param>
                </condition>
            </conditions>
            <actions>
                <action id="-9" name="Destroy" sid="457733967589923" type="SemPersist" />
            </actions>
        </event-block>
    </events>
</c2eventsheet>
