﻿<?xml version="1.0" encoding="utf-8" ?>
<c2eventsheet>
    <!--All the 'name' attributes are ignored by Construct 2 - they are there for readability only.-->
    <name>DireitaCima</name>
    <events>
        <event-block sid="353809591243812">
            <conditions>
                <condition id="-2" name="Compare Y" sid="963325405277605" type="Player">
                    <param id="0" name="Comparison">4</param>
                    <param id="1" name="Y co-ordinate">LayoutHeight</param>
                </condition>
            </conditions>
            <actions>
                <action id="-2" name="Go to layout" sid="951349797265105" type="System">
                    <param id="0" name="Layout">DireitaPrincipal</param>
                </action>
                <action id="-2" name="Set Y" sid="440580754721359" type="Player">
                    <param id="0" name="Y">30</param>
                </action>
            </actions>
        </event-block>
        <event-block sid="248180238829791">
            <conditions>
                <condition id="-1" name="Compare X" sid="553550925837823" type="Player">
                    <param id="0" name="Comparison">2</param>
                    <param id="1" name="X co-ordinate">0</param>
                </condition>
            </conditions>
            <actions>
                <action id="-2" name="Go to layout" sid="485399493389439" type="System">
                    <param id="0" name="Layout">CimaPrincipal</param>
                </action>
                <action id="-1" name="Set X" sid="347454158990082" type="Player">
                    <param id="0" name="X">LayoutWidth -30</param>
                </action>
            </actions>
        </event-block>
        <event-block sid="412656082191207">
            <conditions>
                <condition id="0" name="On collision with another object" sid="757306537473781" type="Player">
                    <param id="0" name="Object">SemPersist</param>
                </condition>
            </conditions>
            <actions>
                <action id="-9" name="Destroy" sid="835779776818903" type="SemPersist" />
            </actions>
        </event-block>
    </events>
</c2eventsheet>
