﻿<?xml version="1.0" encoding="utf-8" ?>
<c2eventsheet>
    <!--All the 'name' attributes are ignored by Construct 2 - they are there for readability only.-->
    <name>Event sheet 1</name>
    <events>
        <variable constant="0" name="NumeroAleatorio" sid="682816795462393" static="0" type="number">0</variable>
        <event-group description="" sid="751234268728009" title="Player">
            <sub-events>
                <event-block sid="405181706898654">
                    <conditions>
                        <condition id="0" name="On key pressed" sid="493830889321408" type="Keyboard">
                            <param id="0" name="Key">17</param>
                        </condition>
                        <condition id="7" inverted="1" name="Is mirrored" sid="425500411342335" type="Player" />
                    </conditions>
                    <actions>
                        <action id="0" name="Spawn another object" sid="769641067813315" type="Player">
                            <param id="0" name="Object">Bala</param>
                            <param id="1" name="Layer">1</param>
                            <param id="2" name="Image point">1</param>
                        </action>
                    </actions>
                </event-block>
                <event-block sid="633855960152989">
                    <conditions>
                        <condition id="0" name="On key pressed" sid="401151626614183" type="Keyboard">
                            <param id="0" name="Key">17</param>
                        </condition>
                        <condition id="7" name="Is mirrored" sid="214109447263179" type="Player" />
                    </conditions>
                    <actions>
                        <action id="0" name="Spawn another object" sid="989882572570668" type="Player">
                            <param id="0" name="Object">Bala</param>
                            <param id="1" name="Layer">1</param>
                            <param id="2" name="Image point">1</param>
                        </action>
                        <action behavior="Bullet" id="3" name="Set angle of motion" sid="246236400795940" type="Bala">
                            <param id="0" name="Angle">180</param>
                        </action>
                    </actions>
                </event-block>
                <event-block sid="804792735373844">
                    <conditions>
                        <condition id="0" name="On key pressed" sid="147522263475897" type="Keyboard">
                            <param id="0" name="Key">37</param>
                        </condition>
                    </conditions>
                    <actions>
                        <action id="7" name="Set mirrored" sid="234668327492067" type="Player">
                            <param id="0" name="State">0</param>
                        </action>
                    </actions>
                </event-block>
                <event-block sid="851217849115163">
                    <conditions>
                        <condition id="0" name="On key pressed" sid="137730295117819" type="Keyboard">
                            <param id="0" name="Key">39</param>
                        </condition>
                    </conditions>
                    <actions>
                        <action id="7" name="Set mirrored" sid="723191384125901" type="Player">
                            <param id="0" name="State">1</param>
                        </action>
                    </actions>
                </event-block>
            </sub-events>
        </event-group>
        <event-group description="" sid="388625126984227" title="Inimigo">
            <sub-events>
                <event-block sid="497436258398520">
                    <conditions>
                        <condition id="0" name="On collision with another object" sid="277138639379739" type="Bala">
                            <param id="0" name="Object">Inimigo</param>
                        </condition>
                    </conditions>
                    <actions>
                        <action id="-9" name="Set value" sid="486193209754898" type="System">
                            <param id="0" name="Variable">NumeroAleatorio</param>
                            <param id="1" name="Value">random(0,10)</param>
                        </action>
                        <action id="-9" name="Destroy" sid="587590613540693" type="Inimigo" />
                        <action id="-16" name="Wait" sid="717798822790192" type="System">
                            <param id="0" name="Seconds">0.2</param>
                        </action>
                        <action id="-3" name="Create object" sid="938730202450116" type="System">
                            <param id="0" name="Object to create">Inimigo</param>
                            <param id="1" name="Layer">0</param>
                            <param id="2" name="X">random(50, 390)</param>
                            <param id="3" name="Y">random(100, 350)</param>
                        </action>
                    </actions>
                    <sub-events>
                        <event-block sid="657138635200288">
                            <conditions>
                                <condition id="-14" name="Compare variable" sid="486142610470877" type="System">
                                    <param id="0" name="Variable">NumeroAleatorio</param>
                                    <param id="1" name="Comparison">3</param>
                                    <param id="2" name="Value">7</param>
                                </condition>
                            </conditions>
                            <actions>
                                <action id="0" name="Spawn another object" sid="953126255916080" type="Inimigo">
                                    <param id="0" name="Object">Itens</param>
                                    <param id="1" name="Layer">0</param>
                                    <param id="2" name="Image point">0</param>
                                </action>
                                <action id="5" name="Set frame" sid="491117261407287" type="Itens">
                                    <param id="0" name="Frame number">random(3)</param>
                                </action>
                            </actions>
                        </event-block>
                    </sub-events>
                </event-block>
            </sub-events>
        </event-group>
        <event-group description="" sid="901082799759293" title="Salvar" />
        <event-block sid="566080989491794">
            <conditions>
                <condition id="0" name="On key pressed" sid="215270790753878" type="Keyboard">
                    <param id="0" name="Key">83</param>
                </condition>
            </conditions>
            <actions>
                <action id="-36" name="Save" sid="971157760353981" type="System">
                    <param id="0" name="Slot">&quot;Jogo Salvo&quot;</param>
                </action>
            </actions>
        </event-block>
        <event-block sid="505531893107197">
            <conditions>
                <condition id="0" name="On key pressed" sid="480580244034858" type="Keyboard">
                    <param id="0" name="Key">76</param>
                </condition>
            </conditions>
            <actions>
                <action id="-37" name="Load" sid="590710973165705" type="System">
                    <param id="0" name="Slot">&quot;Jogo Salvo&quot;</param>
                </action>
            </actions>
        </event-block>
    </events>
</c2eventsheet>
