﻿<?xml version="1.0" encoding="utf-8" ?>
<c2eventsheet>
    <!--All the 'name' attributes are ignored by Construct 2 - they are there for readability only.-->
    <name>Event sheet 1</name>
    <events>
        <event-block sid="554381772680413">
            <conditions>
                <condition id="-7" name="Compare instance variable" sid="164335838560781" type="Herói">
                    <param id="0" name="Instance variable">var_Escalar</param>
                    <param id="1" name="Comparison">0</param>
                    <param id="2" name="Value">0</param>
                </condition>
            </conditions>
            <actions>
                <action behavior="Platform" id="5" name="Set gravity" sid="851568602626826" type="Herói">
                    <param id="0" name="Gravity">2000</param>
                </action>
            </actions>
            <sub-events>
                <event-block sid="849545035657410">
                    <conditions>
                        <condition id="1" name="Is overlapping another object" sid="886225559113940" type="Herói">
                            <param id="0" name="Object">Escada</param>
                        </condition>
                        <condition id="2" name="Key is down" sid="263562589584169" type="Keyboard">
                            <param id="0" name="Key">38</param>
                        </condition>
                    </conditions>
                    <actions>
                        <action id="-10" name="Set value" sid="438996348317595" type="Herói">
                            <param id="0" name="Instance variable">var_Escalar</param>
                            <param id="1" name="Value">1</param>
                        </action>
                    </actions>
                </event-block>
            </sub-events>
        </event-block>
        <event-block sid="642404354513996">
            <conditions>
                <condition id="-7" name="Compare instance variable" sid="549774720164043" type="Herói">
                    <param id="0" name="Instance variable">var_Escalar</param>
                    <param id="1" name="Comparison">0</param>
                    <param id="2" name="Value">1</param>
                </condition>
            </conditions>
            <actions>
                <action behavior="Platform" id="9" name="Set vector Y" sid="840339737952456" type="Herói">
                    <param id="0" name="Vector Y">0</param>
                </action>
                <action behavior="Platform" id="5" name="Set gravity" sid="391168099051402" type="Herói">
                    <param id="0" name="Gravity">0</param>
                </action>
            </actions>
            <sub-events>
                <event-block sid="825115141655577">
                    <conditions>
                        <condition id="2" name="Key is down" sid="729060735594669" type="Keyboard">
                            <param id="0" name="Key">38</param>
                        </condition>
                    </conditions>
                    <actions>
                        <action behavior="Platform" id="9" name="Set vector Y" sid="713194253742780" type="Herói">
                            <param id="0" name="Vector Y">-90</param>
                        </action>
                    </actions>
                </event-block>
                <event-block sid="155603333515290">
                    <conditions>
                        <condition id="2" name="Key is down" sid="122611830465323" type="Keyboard">
                            <param id="0" name="Key">40</param>
                        </condition>
                    </conditions>
                    <actions>
                        <action behavior="Platform" id="9" name="Set vector Y" sid="186732010664726" type="Herói">
                            <param id="0" name="Vector Y">90</param>
                        </action>
                    </actions>
                </event-block>
                <event-block sid="174755247602632">
                    <conditions>
                        <condition id="2" name="Key is down" sid="966710246301486" type="Keyboard">
                            <param id="0" name="Key">16</param>
                        </condition>
                    </conditions>
                    <actions>
                        <action id="-10" name="Set value" sid="981685572754983" type="Herói">
                            <param id="0" name="Instance variable">var_Escalar</param>
                            <param id="1" name="Value">0</param>
                        </action>
                        <action behavior="Platform" id="9" name="Set vector Y" sid="109915858602167" type="Herói">
                            <param id="0" name="Vector Y">-500</param>
                        </action>
                    </actions>
                </event-block>
                <event-block sid="869682482686473">
                    <conditions>
                        <condition id="1" name="Is overlapping another object" sid="230224725807180" type="Herói">
                            <param id="0" name="Object">Escada</param>
                        </condition>
                    </conditions>
                    <actions />
                </event-block>
            </sub-events>
        </event-block>
    </events>
</c2eventsheet>
