﻿<?xml version="1.0" encoding="utf-8" ?>
<c2eventsheet>
    <!--All the 'name' attributes are ignored by Construct 2 - they are there for readability only.-->
    <name>Event sheet 1</name>
    <events>
        <event-block sid="496580420011102">
            <conditions>
                <condition id="-2" name="On start of layout" sid="572301122930098" type="System" />
            </conditions>
            <actions>
                <action behavior="Turret" id="1" name="Add object to target" sid="619160367461656" type="Turret">
                    <param id="0" name="Target">Player</param>
                </action>
            </actions>
        </event-block>
        <event-block sid="374795508173576">
            <conditions>
                <condition behavior="Turret" id="1" name="On shoot" sid="574859466713247" type="Turret" />
            </conditions>
            <actions>
                <action id="0" name="Spawn another object" sid="962757236654488" type="Turret">
                    <param id="0" name="Object">Bala</param>
                    <param id="1" name="Layer">0</param>
                    <param id="2" name="Image point">1</param>
                </action>
            </actions>
        </event-block>
        <event-block sid="166926677218928">
            <conditions>
                <condition behavior="Bullet" id="1" name="Compare distance travelled" sid="481802224681183" type="Bala">
                    <param id="0" name="Comparison">0</param>
                    <param id="1" name="Distance">Turret.Turret.Range</param>
                </condition>
            </conditions>
            <actions>
                <action id="-9" name="Destroy" sid="164718619092581" type="Bala" />
            </actions>
        </event-block>
        <event-block sid="854628653370147">
            <conditions>
                <condition id="0" name="On collision with another object" sid="116319991382356" type="Bala">
                    <param id="0" name="Object">Player</param>
                </condition>
            </conditions>
            <actions>
                <action behavior="Flash" id="0" name="Flash" sid="340550789504882" type="Player">
                    <param id="0" name="&apos;On&apos; time">0.1</param>
                    <param id="1" name="&apos;Off&apos; time">0.1</param>
                    <param id="2" name="Duration">1.0</param>
                </action>
            </actions>
        </event-block>
    </events>
</c2eventsheet>
