﻿<?xml version="1.0" encoding="utf-8" ?>
<c2eventsheet>
    <!--All the 'name' attributes are ignored by Construct 2 - they are there for readability only.-->
    <name>Event sheet 1</name>
    <events>
        <event-block>
            <conditions>
                <condition id="6" name="On object clicked" type="Mouse">
                    <param id="0" name="Mouse button">0</param>
                    <param id="1" name="Click type">0</param>
                    <param id="2" name="Object clicked">Cabeça</param>
                </condition>
            </conditions>
            <actions>
                <action id="-3" name="Create object" type="System">
                    <param id="0" name="Object to create">Ponto</param>
                    <param id="1" name="Layer">0</param>
                    <param id="2" name="X">Mouse.X</param>
                    <param id="3" name="Y">Mouse.Y</param>
                </action>
                <action behavior="Physics" id="11" name="Create revolute joint" type="Ponto">
                    <param id="0" name="This image point">0</param>
                    <param id="1" name="Object">Cabeça</param>
                </action>
            </actions>
        </event-block>
        <event-block>
            <conditions>
                <condition id="2" name="Mouse button is down" type="Mouse">
                    <param id="0" name="Mouse button">0</param>
                </condition>
                <condition id="-8" name="Compare two values" type="System">
                    <param id="0" name="First value">Ponto.Count</param>
                    <param id="1" name="Comparison">4</param>
                    <param id="2" name="Second value">0</param>
                </condition>
            </conditions>
            <actions>
                <action id="-3" name="Set position" type="Ponto">
                    <param id="0" name="X">Mouse.X</param>
                    <param id="1" name="Y">Mouse.Y</param>
                </action>
            </actions>
        </event-block>
        <event-block>
            <conditions>
                <condition id="3" name="On button released" type="Mouse">
                    <param id="0" name="Mouse button">0</param>
                </condition>
            </conditions>
            <actions>
                <action id="-9" name="Destroy" type="Ponto" />
            </actions>
        </event-block>
    </events>
</c2eventsheet>
