﻿<?xml version="1.0" encoding="utf-8" ?>
<c2eventsheet>
    <!--All the 'name' attributes are ignored by Construct 2 - they are there for readability only.-->
    <name>Event sheet 1</name>
    <events>
        <event-block sid="108905017144024">
            <conditions>
                <condition id="-2" name="On start of layout" sid="931284403802164" type="System" />
            </conditions>
            <actions>
                <action behavior="Physics" id="12" name="Set world gravity" sid="486530988294646" type="Plataforma">
                    <param id="0" name="Gravity">0</param>
                </action>
            </actions>
        </event-block>
        <event-block sid="367900759882756">
            <conditions>
                <condition id="0" name="On click" sid="382524570641533" type="Mouse">
                    <param id="0" name="Mouse button">0</param>
                    <param id="1" name="Click type">0</param>
                </condition>
            </conditions>
            <actions>
                <action behavior="Physics" id="12" name="Set world gravity" sid="916240256865709" type="Plataforma">
                    <param id="0" name="Gravity">10</param>
                </action>
            </actions>
        </event-block>
        <event-block sid="450056966872402">
            <conditions>
                <condition id="6" name="On object clicked" sid="399981620127371" type="Mouse">
                    <param id="0" name="Mouse button">0</param>
                    <param id="1" name="Click type">0</param>
                    <param id="2" name="Object clicked">Bloco</param>
                </condition>
            </conditions>
            <actions>
                <action id="-9" name="Destroy" sid="884864953762730" type="Bloco" />
            </actions>
        </event-block>
        <event-block sid="862352692186683">
            <conditions>
                <condition id="0" name="On click" sid="409344036554818" type="Mouse">
                    <param id="0" name="Mouse button">2</param>
                    <param id="1" name="Click type">0</param>
                </condition>
            </conditions>
            <actions>
                <action id="-26" name="Restart layout" sid="942835597856536" type="System" />
            </actions>
        </event-block>
        <event-block sid="239638991409880">
            <conditions>
                <condition id="0" name="On collision with another object" sid="481011943872864" type="Vaso">
                    <param id="0" name="Object">Chão</param>
                </condition>
            </conditions>
            <actions>
                <action id="-9" name="Destroy" sid="196785511593395" type="Vaso" />
                <action id="0" name="Spawn another object" sid="419429174679090" type="Vaso">
                    <param id="0" name="Object">VasoQuebrado</param>
                    <param id="1" name="Layer">0</param>
                    <param id="2" name="Image point">Vaso.X</param>
                </action>
                <action id="0" name="Spawn another object" sid="741065785945855" type="Vaso">
                    <param id="0" name="Object">Fumaça</param>
                    <param id="1" name="Layer">0</param>
                    <param id="2" name="Image point">VasoQuebrado.X</param>
                </action>
            </actions>
        </event-block>
    </events>
</c2eventsheet>
