﻿<?xml version="1.0" encoding="utf-8" ?>
<c2eventsheet>
    <!--All the 'name' attributes are ignored by Construct 2 - they are there for readability only.-->
    <name>Event sheet 1</name>
    <events>
        <event-block sid="908513140138660">
            <conditions>
                <condition id="0" name="On key pressed" sid="677188122698659" type="Keyboard">
                    <param id="0" name="Key">37</param>
                </condition>
            </conditions>
            <actions>
                <action id="7" name="Set mirrored" sid="235974802780180" type="Player">
                    <param id="0" name="State">0</param>
                </action>
            </actions>
        </event-block>
        <event-block sid="284577911104833">
            <conditions>
                <condition id="0" name="On key pressed" sid="552702658213428" type="Keyboard">
                    <param id="0" name="Key">39</param>
                </condition>
            </conditions>
            <actions>
                <action id="7" name="Set mirrored" sid="936231613574650" type="Player">
                    <param id="0" name="State">1</param>
                </action>
            </actions>
        </event-block>
        <event-block sid="440733419733138">
            <conditions>
                <condition id="-2" name="Compare Y" sid="960997261115257" type="Player">
                    <param id="0" name="Comparison">4</param>
                    <param id="1" name="Y co-ordinate">LayoutHeight</param>
                </condition>
            </conditions>
            <actions>
                <action id="-26" name="Restart layout" sid="275867506953625" type="System" />
            </actions>
        </event-block>
        <event-block sid="771286082629420">
            <conditions>
                <condition id="0" name="On key pressed" sid="716543251693414" type="Keyboard">
                    <param id="0" name="Key">38</param>
                </condition>
            </conditions>
            <actions />
            <sub-events>
                <event-block sid="486105227918739">
                    <conditions>
                        <condition behavior="Platform" id="4" name="Is falling" sid="320764607001936" type="Player" />
                    </conditions>
                    <actions />
                    <sub-events>
                        <event-block sid="703433007823782">
                            <conditions>
                                <condition behavior="Platform" id="10" name="Is by wall" sid="912409452317581" type="Player">
                                    <param id="0" name="Side">1</param>
                                </condition>
                            </conditions>
                            <actions>
                                <action behavior="Platform" id="9" name="Set vector Y" sid="872847602712294" type="Player">
                                    <param id="0" name="Vector Y">-700</param>
                                </action>
                                <action behavior="Platform" id="8" name="Set vector X" sid="624487466120988" type="Player">
                                    <param id="0" name="Vector X">-1000</param>
                                </action>
                                <action behavior="Platform" id="0" name="Set ignoring input" sid="474032875305870" type="Player">
                                    <param id="0" name="Input">1</param>
                                </action>
                            </actions>
                        </event-block>
                        <event-block sid="973950457845344">
                            <conditions>
                                <condition behavior="Platform" id="10" name="Is by wall" sid="762537761745987" type="Player">
                                    <param id="0" name="Side">0</param>
                                </condition>
                            </conditions>
                            <actions>
                                <action behavior="Platform" id="9" name="Set vector Y" sid="108811589145921" type="Player">
                                    <param id="0" name="Vector Y">-700</param>
                                </action>
                                <action behavior="Platform" id="8" name="Set vector X" sid="848789320174290" type="Player">
                                    <param id="0" name="Vector X">-1000</param>
                                </action>
                                <action behavior="Platform" id="0" name="Set ignoring input" sid="106820362256390" type="Player">
                                    <param id="0" name="Input">1</param>
                                </action>
                            </actions>
                        </event-block>
                    </sub-events>
                </event-block>
                <event-block sid="939460463688999">
                    <conditions>
                        <condition behavior="Platform" id="3" inverted="1" name="Is jumping" sid="714406107382095" type="Player" />
                    </conditions>
                    <actions>
                        <action behavior="Platform" id="0" name="Set ignoring input" sid="851534457196622" type="Player">
                            <param id="0" name="Input">0</param>
                        </action>
                    </actions>
                </event-block>
            </sub-events>
        </event-block>
    </events>
</c2eventsheet>
