﻿<?xml version="1.0" encoding="utf-8" ?>
<c2eventsheet>
    <!--All the 'name' attributes are ignored by Construct 2 - they are there for readability only.-->
    <name>Event sheet 1</name>
    <events>
        <variable constant="0" name="NoFim" sid="388536660382431" static="0" type="number">0</variable>
        <variable constant="0" name="Player1" sid="274244422592584" static="0" type="number">0</variable>
        <variable constant="0" name="Player2" sid="455691733750361" static="0" type="number">0</variable>
        <variable constant="0" name="Player3" sid="956027245515100" static="0" type="number">0</variable>
        <variable constant="0" name="Player4" sid="263127169997214" static="0" type="number">0</variable>
        <event-block sid="599107455948366">
            <conditions>
                <condition id="0" name="On key pressed" sid="763807943721359" type="Keyboard">
                    <param id="0" name="Key">39</param>
                </condition>
            </conditions>
            <actions>
                <action id="5" name="Set frame" sid="287796911596971" type="Seleciona">
                    <param id="0" name="Frame number">Seleciona.AnimationFrame+1</param>
                </action>
            </actions>
        </event-block>
        <event-block sid="474989865674553">
            <conditions>
                <condition id="0" name="On key pressed" sid="252242764873667" type="Keyboard">
                    <param id="0" name="Key">39</param>
                </condition>
                <condition id="-14" name="Compare variable" sid="750613518159779" type="System">
                    <param id="0" name="Variable">NoFim</param>
                    <param id="1" name="Comparison">0</param>
                    <param id="2" name="Value">1</param>
                </condition>
            </conditions>
            <actions>
                <action id="5" name="Set frame" sid="569050209339194" type="Seleciona">
                    <param id="0" name="Frame number">0</param>
                </action>
                <action id="-9" name="Set value" sid="851657661941890" type="System">
                    <param id="0" name="Variable">NoFim</param>
                    <param id="1" name="Value">0</param>
                </action>
            </actions>
        </event-block>
        <event-block sid="951302438768530">
            <conditions>
                <condition id="3" name="Compare frame" sid="769492859925549" type="Seleciona">
                    <param id="0" name="Comparison">0</param>
                    <param id="1" name="Number">0</param>
                </condition>
            </conditions>
            <actions>
                <action id="-9" name="Set value" sid="521782248583600" type="System">
                    <param id="0" name="Variable">NoFim</param>
                    <param id="1" name="Value">0</param>
                </action>
            </actions>
        </event-block>
        <event-block sid="210476821502242">
            <conditions>
                <condition id="3" name="Compare frame" sid="951955482874360" type="Seleciona">
                    <param id="0" name="Comparison">0</param>
                    <param id="1" name="Number">1</param>
                </condition>
            </conditions>
            <actions>
                <action id="-9" name="Set value" sid="286956781575765" type="System">
                    <param id="0" name="Variable">NoFim</param>
                    <param id="1" name="Value">0</param>
                </action>
            </actions>
        </event-block>
        <event-block sid="576488897488315">
            <conditions>
                <condition id="3" name="Compare frame" sid="155126112441235" type="Seleciona">
                    <param id="0" name="Comparison">0</param>
                    <param id="1" name="Number">2</param>
                </condition>
            </conditions>
            <actions>
                <action id="-9" name="Set value" sid="660530135294287" type="System">
                    <param id="0" name="Variable">NoFim</param>
                    <param id="1" name="Value">0</param>
                </action>
            </actions>
        </event-block>
        <event-block sid="656936544962690">
            <conditions>
                <condition id="3" name="Compare frame" sid="521486225484047" type="Seleciona">
                    <param id="0" name="Comparison">0</param>
                    <param id="1" name="Number">3</param>
                </condition>
            </conditions>
            <actions>
                <action id="-9" name="Set value" sid="139476906397702" type="System">
                    <param id="0" name="Variable">NoFim</param>
                    <param id="1" name="Value">1</param>
                </action>
            </actions>
        </event-block>
        <event-block sid="114296383971523">
            <conditions>
                <condition id="0" name="On key pressed" sid="103945797916854" type="Keyboard">
                    <param id="0" name="Key">37</param>
                </condition>
                <condition id="3" name="Compare frame" sid="737074060542683" type="Seleciona">
                    <param id="0" name="Comparison">0</param>
                    <param id="1" name="Number">0</param>
                </condition>
            </conditions>
            <actions>
                <action id="-16" name="Wait" sid="831810128606882" type="System">
                    <param id="0" name="Seconds">0.1</param>
                </action>
                <action id="5" name="Set frame" sid="891295876547805" type="Seleciona">
                    <param id="0" name="Frame number">3</param>
                </action>
            </actions>
        </event-block>
        <event-block sid="957875304782394">
            <conditions>
                <condition id="0" name="On key pressed" sid="183490622562274" type="Keyboard">
                    <param id="0" name="Key">37</param>
                </condition>
                <condition id="3" name="Compare frame" sid="580203354074597" type="Seleciona">
                    <param id="0" name="Comparison">0</param>
                    <param id="1" name="Number">1</param>
                </condition>
            </conditions>
            <actions>
                <action id="-16" name="Wait" sid="692523807788276" type="System">
                    <param id="0" name="Seconds">0.1</param>
                </action>
                <action id="5" name="Set frame" sid="531638905966345" type="Seleciona">
                    <param id="0" name="Frame number">0</param>
                </action>
            </actions>
        </event-block>
        <event-block sid="452095731547205">
            <conditions>
                <condition id="0" name="On key pressed" sid="890804643883798" type="Keyboard">
                    <param id="0" name="Key">37</param>
                </condition>
                <condition id="3" name="Compare frame" sid="629297616751931" type="Seleciona">
                    <param id="0" name="Comparison">0</param>
                    <param id="1" name="Number">2</param>
                </condition>
            </conditions>
            <actions>
                <action id="-16" name="Wait" sid="861088765566023" type="System">
                    <param id="0" name="Seconds">0.1</param>
                </action>
                <action id="5" name="Set frame" sid="413194024828808" type="Seleciona">
                    <param id="0" name="Frame number">1</param>
                </action>
            </actions>
        </event-block>
        <event-block sid="315951599246644">
            <conditions>
                <condition id="0" name="On key pressed" sid="273966573622729" type="Keyboard">
                    <param id="0" name="Key">37</param>
                </condition>
                <condition id="3" name="Compare frame" sid="385852812345451" type="Seleciona">
                    <param id="0" name="Comparison">0</param>
                    <param id="1" name="Number">3</param>
                </condition>
            </conditions>
            <actions>
                <action id="-16" name="Wait" sid="524531634131107" type="System">
                    <param id="0" name="Seconds">0.1</param>
                </action>
                <action id="5" name="Set frame" sid="193893718327971" type="Seleciona">
                    <param id="0" name="Frame number">2</param>
                </action>
            </actions>
        </event-block>
        <event-block sid="904275998896005">
            <conditions>
                <condition id="0" name="On key pressed" sid="139602573123755" type="Keyboard">
                    <param id="0" name="Key">32</param>
                </condition>
                <condition id="3" name="Compare frame" sid="111183203277024" type="Seleciona">
                    <param id="0" name="Comparison">0</param>
                    <param id="1" name="Number">0</param>
                </condition>
            </conditions>
            <actions>
                <action id="-9" name="Set value" sid="865135289239090" type="System">
                    <param id="0" name="Variable">Player1</param>
                    <param id="1" name="Value">1</param>
                </action>
                <action id="-2" name="Go to layout" sid="893777669888990" type="System">
                    <param id="0" name="Layout">Layout 2</param>
                </action>
            </actions>
        </event-block>
        <event-block sid="229202754304733">
            <conditions>
                <condition id="0" name="On key pressed" sid="577767809682159" type="Keyboard">
                    <param id="0" name="Key">32</param>
                </condition>
                <condition id="3" name="Compare frame" sid="529635156704610" type="Seleciona">
                    <param id="0" name="Comparison">0</param>
                    <param id="1" name="Number">1</param>
                </condition>
            </conditions>
            <actions>
                <action id="-9" name="Set value" sid="216836436833019" type="System">
                    <param id="0" name="Variable">Player2</param>
                    <param id="1" name="Value">1</param>
                </action>
                <action id="-2" name="Go to layout" sid="334928612776935" type="System">
                    <param id="0" name="Layout">Layout 2</param>
                </action>
            </actions>
        </event-block>
        <event-block sid="519982315753862">
            <conditions>
                <condition id="0" name="On key pressed" sid="826851930448268" type="Keyboard">
                    <param id="0" name="Key">32</param>
                </condition>
                <condition id="3" name="Compare frame" sid="711675174822552" type="Seleciona">
                    <param id="0" name="Comparison">0</param>
                    <param id="1" name="Number">2</param>
                </condition>
            </conditions>
            <actions>
                <action id="-9" name="Set value" sid="407408798560437" type="System">
                    <param id="0" name="Variable">Player3</param>
                    <param id="1" name="Value">1</param>
                </action>
                <action id="-2" name="Go to layout" sid="315940717931234" type="System">
                    <param id="0" name="Layout">Layout 2</param>
                </action>
            </actions>
        </event-block>
        <event-block sid="419541471684585">
            <conditions>
                <condition id="0" name="On key pressed" sid="482236294155698" type="Keyboard">
                    <param id="0" name="Key">32</param>
                </condition>
                <condition id="3" name="Compare frame" sid="687408376249042" type="Seleciona">
                    <param id="0" name="Comparison">0</param>
                    <param id="1" name="Number">3</param>
                </condition>
            </conditions>
            <actions>
                <action id="-9" name="Set value" sid="668520788687237" type="System">
                    <param id="0" name="Variable">Player4</param>
                    <param id="1" name="Value">1</param>
                </action>
                <action id="-2" name="Go to layout" sid="157125055279896" type="System">
                    <param id="0" name="Layout">Layout 2</param>
                </action>
            </actions>
        </event-block>
    </events>
</c2eventsheet>
