﻿<?xml version="1.0" encoding="utf-8" ?>
<c2eventsheet>
    <!--All the 'name' attributes are ignored by Construct 2 - they are there for readability only.-->
    <name>Event sheet 2</name>
    <events>
        <event-block sid="440702494126416">
            <conditions>
                <condition id="-14" name="Compare variable" sid="498491766294716" type="System">
                    <param id="0" name="Variable">Player1</param>
                    <param id="1" name="Comparison">0</param>
                    <param id="2" name="Value">1</param>
                </condition>
            </conditions>
            <actions>
                <action id="-3" name="Create object" sid="556998794113041" type="System">
                    <param id="0" name="Object to create">Player1</param>
                    <param id="1" name="Layer">0</param>
                    <param id="2" name="X">32</param>
                    <param id="3" name="Y">335</param>
                </action>
                <action id="-9" name="Set value" sid="804554883162862" type="System">
                    <param id="0" name="Variable">Player1</param>
                    <param id="1" name="Value">0</param>
                </action>
            </actions>
        </event-block>
        <event-block sid="650278834718248">
            <conditions>
                <condition id="-14" name="Compare variable" sid="975051323852543" type="System">
                    <param id="0" name="Variable">Player2</param>
                    <param id="1" name="Comparison">0</param>
                    <param id="2" name="Value">1</param>
                </condition>
            </conditions>
            <actions>
                <action id="-3" name="Create object" sid="196561830355829" type="System">
                    <param id="0" name="Object to create">Player2</param>
                    <param id="1" name="Layer">0</param>
                    <param id="2" name="X">32</param>
                    <param id="3" name="Y">335</param>
                </action>
                <action id="-9" name="Set value" sid="100181945847320" type="System">
                    <param id="0" name="Variable">Player2</param>
                    <param id="1" name="Value">0</param>
                </action>
            </actions>
        </event-block>
        <event-block sid="119676814929806">
            <conditions>
                <condition id="-14" name="Compare variable" sid="582514664538882" type="System">
                    <param id="0" name="Variable">Player3</param>
                    <param id="1" name="Comparison">0</param>
                    <param id="2" name="Value">1</param>
                </condition>
            </conditions>
            <actions>
                <action id="-3" name="Create object" sid="151176356003434" type="System">
                    <param id="0" name="Object to create">Player3</param>
                    <param id="1" name="Layer">0</param>
                    <param id="2" name="X">32</param>
                    <param id="3" name="Y">335</param>
                </action>
                <action id="-9" name="Set value" sid="704486341771575" type="System">
                    <param id="0" name="Variable">Player3</param>
                    <param id="1" name="Value">0</param>
                </action>
            </actions>
        </event-block>
        <event-block sid="163047198321158">
            <conditions>
                <condition id="-14" name="Compare variable" sid="205280009662279" type="System">
                    <param id="0" name="Variable">Player4</param>
                    <param id="1" name="Comparison">0</param>
                    <param id="2" name="Value">1</param>
                </condition>
            </conditions>
            <actions>
                <action id="-3" name="Create object" sid="116776646498673" type="System">
                    <param id="0" name="Object to create">Player4</param>
                    <param id="1" name="Layer">0</param>
                    <param id="2" name="X">32</param>
                    <param id="3" name="Y">335</param>
                </action>
                <action id="-9" name="Set value" sid="480362813993202" type="System">
                    <param id="0" name="Variable">Player4</param>
                    <param id="1" name="Value">0</param>
                </action>
            </actions>
        </event-block>
    </events>
</c2eventsheet>
