﻿<?xml version="1.0" encoding="utf-8" ?>
<c2eventsheet>
    <!--All the 'name' attributes are ignored by Construct 2 - they are there for readability only.-->
    <name>Event sheet 1</name>
    <events>
        <event-block sid="14">
            <conditions>
                <condition id="-19" name="On destroyed" sid="15" type="Player" />
            </conditions>
            <actions>
                <action id="-26" name="Restart layout" sid="16" type="System" />
            </actions>
        </event-block>
    </events>
</c2eventsheet>
