﻿<?xml version="1.0" encoding="utf-8" ?>
<c2eventsheet>
    <!--All the 'name' attributes are ignored by Construct 2 - they are there for readability only.-->
    <name>Event sheet 1</name>
    <events>
        <variable constant="0" name="var_Pontos" sid="620700203354953" static="0" type="number">0</variable>
        <variable constant="0" name="var_Velocidade" sid="699185734741086" static="0" type="number">80</variable>
        <event-block sid="441773521620183">
            <conditions>
                <condition id="-1" name="Every tick" sid="234600399353371" type="System" />
            </conditions>
            <actions>
                <action id="-22" name="Set angle toward position" sid="137157211019886" type="Herói">
                    <param id="0" name="X">Mouse.X</param>
                    <param id="1" name="Y">Mouse.Y</param>
                </action>
                <action id="0" name="Set text" sid="921055753638776" type="txtPontos">
                    <param id="0" name="Text">&quot;Pontos: &quot; &amp; var_Pontos</param>
                </action>
            </actions>
        </event-block>
        <event-block sid="621031313345426">
            <conditions>
                <condition id="-2" name="On start of layout" sid="935859361143747" type="System" />
            </conditions>
            <actions>
                <action id="-8" name="Set angle" sid="255906183238740" type="Monstro">
                    <param id="0" name="Angle">random(360)</param>
                </action>
            </actions>
        </event-block>
        <event-block sid="163050820223043">
            <conditions>
                <condition id="0" name="On click" sid="255022044785116" type="Mouse">
                    <param id="0" name="Mouse button">0</param>
                    <param id="1" name="Click type">0</param>
                </condition>
            </conditions>
            <actions>
                <action id="0" name="Spawn another object" sid="237104228719535" type="Herói">
                    <param id="0" name="Object">Bala</param>
                    <param id="1" name="Layer">0</param>
                    <param id="2" name="Image point">0</param>
                </action>
            </actions>
        </event-block>
        <event-block sid="223457171129492">
            <conditions>
                <condition id="0" name="On collision with another object" sid="606044701653688" type="Bala">
                    <param id="0" name="Object">Monstro</param>
                </condition>
            </conditions>
            <actions>
                <action id="-12" name="Subtract from" sid="221835216071061" type="Monstro">
                    <param id="0" name="Instance variable">var_vida</param>
                    <param id="1" name="Value">1</param>
                </action>
                <action id="-10" name="Add to" sid="967829828847290" type="System">
                    <param id="0" name="Variable">var_Velocidade</param>
                    <param id="1" name="Value">1</param>
                </action>
                <action id="-9" name="Destroy" sid="914102801266095" type="Bala" />
                <action id="0" name="Spawn another object" sid="132199486807374" type="Monstro">
                    <param id="0" name="Object">Sangue</param>
                    <param id="1" name="Layer">1</param>
                    <param id="2" name="Image point">0</param>
                </action>
            </actions>
        </event-block>
        <event-block sid="660160436594442">
            <conditions>
                <condition id="-4" name="Is outside layout" sid="198320629581262" type="Monstro" />
            </conditions>
            <actions>
                <action id="-22" name="Set angle toward position" sid="742812850201609" type="Monstro">
                    <param id="0" name="X">Herói.X</param>
                    <param id="1" name="Y">Herói.Y</param>
                </action>
            </actions>
        </event-block>
        <event-block sid="189213950244133">
            <conditions>
                <condition id="-7" name="Compare instance variable" sid="716906425871416" type="Monstro">
                    <param id="0" name="Instance variable">var_vida</param>
                    <param id="1" name="Comparison">3</param>
                    <param id="2" name="Value">0</param>
                </condition>
            </conditions>
            <actions>
                <action id="-9" name="Destroy" sid="192603228010566" type="Monstro" />
                <action id="-10" name="Add to" sid="960281888160430" type="System">
                    <param id="0" name="Variable">var_Pontos</param>
                    <param id="1" name="Value">1</param>
                </action>
                <action id="0" name="Spawn another object" sid="970251663663561" type="Monstro">
                    <param id="0" name="Object">MonstroMorto</param>
                    <param id="1" name="Layer">0</param>
                    <param id="2" name="Image point">Monstro.X</param>
                </action>
            </actions>
        </event-block>
        <event-block sid="864860239875219">
            <conditions>
                <condition id="-6" name="Every X seconds" sid="652649840377602" type="System">
                    <param id="0" name="Interval (seconds)">3</param>
                </condition>
            </conditions>
            <actions>
                <action id="-3" name="Create object" sid="912915009194327" type="System">
                    <param id="0" name="Object to create">Monstro</param>
                    <param id="1" name="Layer">1</param>
                    <param id="2" name="X">1400</param>
                    <param id="3" name="Y">random(1024)</param>
                </action>
                <action behavior="Bullet" id="0" name="Set speed" sid="401680790098037" type="Monstro">
                    <param id="0" name="Speed">var_Velocidade</param>
                </action>
            </actions>
        </event-block>
        <event-block sid="679343894507166">
            <conditions>
                <condition id="0" name="On collision with another object" sid="263735622410451" type="Monstro">
                    <param id="0" name="Object">Herói</param>
                </condition>
            </conditions>
            <actions>
                <action id="-9" name="Destroy" sid="515723662561734" type="Herói" />
                <action id="-15" name="Set visible" sid="623479634218207" type="txtPerdeu">
                    <param id="0" name="Visibility">1</param>
                </action>
            </actions>
        </event-block>
        <event-block sid="765906359394707">
            <conditions>
                <condition id="-11" name="For Each" sid="320959004565688" type="System">
                    <param id="0" name="Object">Monstro</param>
                </condition>
                <condition id="-8" name="Compare two values" sid="124948573889475" type="System">
                    <param id="0" name="First value">distance(Herói.X, Herói.Y, Monstro.X, Monstro.Y)</param>
                    <param id="1" name="Comparison">0</param>
                    <param id="2" name="Second value">200</param>
                </condition>
            </conditions>
            <actions>
                <action id="-21" name="Rotate toward position" sid="760093474685309" type="Monstro">
                    <param id="0" name="Degrees">1</param>
                    <param id="1" name="X">Herói.X</param>
                    <param id="2" name="Y">Herói.Y</param>
                </action>
            </actions>
        </event-block>
        <event-block sid="454105585480570">
            <conditions>
                <condition id="0" name="On key pressed" sid="203811307281033" type="Keyboard">
                    <param id="0" name="Key">32</param>
                </condition>
            </conditions>
            <actions>
                <action id="-21" name="Reset global variables" sid="614261783247641" type="System" />
                <action id="-26" name="Restart layout" sid="313417753562483" type="System" />
            </actions>
        </event-block>
        <event-block sid="951984723265741">
            <conditions>
                <condition id="0" name="On collision with another object" sid="489271918460163" type="Bala">
                    <param id="0" name="Object">Caixa</param>
                </condition>
            </conditions>
            <actions>
                <action id="-9" name="Destroy" sid="313816818427858" type="Bala" />
            </actions>
        </event-block>
    </events>
</c2eventsheet>
