﻿<?xml version="1.0" encoding="utf-8" ?>
<c2eventsheet>
    <!--All the 'name' attributes are ignored by Construct 2 - they are there for readability only.-->
    <name>Event sheet 1</name>
    <events>
        <variable comment="1 Inicial, 0 Voando" constant="0" name="EstadoPlayer" sid="735965302261603" static="0" type="number">1</variable>
        <comment>No início é preciso aumentar a qualidade do processamento da física a partir de interações para 12 e 8 deixando o valor alto os Blocos caem entre si, mantendo os valores baixos 12/8 os Blocos iniciam estáveis. Set stepping interations: Define o número de interaçoes de velocidade e posição utilizadas na física do projeto. O padrão é 8 e 3. Os valores mais baixos deixam o projeto rodando mais rápido, mas são menos precisos e os valores mais altos podem reduzir desempenho, mas fornece uma simulação mais realista</comment>
        <event-block sid="926014182267771">
            <conditions>
                <condition id="-2" name="On start of layout" sid="450050258452866" type="System" />
            </conditions>
            <actions />
        </event-block>
        <comment>Define a posição do Player sobre  objeto Catapulta</comment>
        <event-block sid="988485258613600">
            <conditions>
                <condition id="-14" name="Compare variable" sid="171974519117317" type="System">
                    <param id="0" name="Variable">EstadoPlayer</param>
                    <param id="1" name="Comparison">0</param>
                    <param id="2" name="Value">1</param>
                </condition>
            </conditions>
            <actions>
                <action id="-4" name="Set position to another object" sid="141246721787556" type="Player">
                    <param id="0" name="Object">Catapulta</param>
                    <param id="1" name="Image point (optional)">0</param>
                </action>
                <action id="-8" name="Scroll to object" sid="487440338577112" type="System">
                    <param id="0" name="Object">Catapulta</param>
                </action>
            </actions>
            <sub-events>
                <comment>Quando estiver em contato, define a posição e o ângulo do Player</comment>
                <event-block sid="248555844834648">
                    <conditions>
                        <condition id="2" name="Mouse button is down" sid="467974702287592" type="Mouse">
                            <param id="0" name="Mouse button">0</param>
                        </condition>
                    </conditions>
                    <actions>
                        <action id="-8" name="Set angle" sid="976608209657350" type="Player">
                            <param id="0" name="Angle">angle(Mouse.X, Mouse.Y, Catapulta.X, Catapulta.Y)</param>
                        </action>
                        <action id="-23" name="Move at angle" sid="102748965296237" type="Player">
                            <param id="0" name="Angle">Self.Angle + 180</param>
                            <param id="1" name="Distance">min(distance(Mouse.X, Mouse.Y, Catapulta.X, Catapulta.Y)/3,50)</param>
                        </action>
                    </actions>
                </event-block>
                <comment>Quando soltar, define a variável EstadoPlayer 0(voando) e aplica o impulso</comment>
                <event-block sid="944233697035278">
                    <conditions>
                        <condition id="3" name="On button released" sid="537747919080093" type="Mouse">
                            <param id="0" name="Mouse button">0</param>
                        </condition>
                    </conditions>
                    <actions>
                        <action id="-9" name="Set value" sid="739721071116449" type="System">
                            <param id="0" name="Variable">EstadoPlayer</param>
                            <param id="1" name="Value">0</param>
                        </action>
                        <action behavior="Physics" id="5" name="Apply impulse at angle" sid="187418564150378" type="Player">
                            <param id="0" name="Impulse">distance(Self.X, Self.Y, Catapulta.X, Catapulta.Y)/3</param>
                            <param id="1" name="Angle">Self.Angle</param>
                            <param id="2" name="Image point">0</param>
                        </action>
                    </actions>
                </event-block>
            </sub-events>
        </event-block>
        <event-block sid="600238016764208">
            <conditions>
                <condition id="-22" name="Else" sid="206802245371111" type="System" />
            </conditions>
            <actions>
                <action id="-8" name="Scroll to object" sid="839197204128049" type="System">
                    <param id="0" name="Object">Player</param>
                </action>
            </actions>
        </event-block>
    </events>
</c2eventsheet>
