﻿<?xml version="1.0" encoding="utf-8" ?>
<c2eventsheet>
    <!--All the 'name' attributes are ignored by Construct 2 - they are there for readability only.-->
    <name>Event sheet 1</name>
    <events>
        <comment>Variável que determina o tempo de criação entre os objetos Folha...</comment>
        <variable constant="0" name="Intervalo" sid="701755417896114" static="0" type="number">500</variable>
        <comment>Destrói as folhas quando elas estiverem fora do layout...</comment>
        <event-block sid="684979833561658">
            <conditions>
                <condition id="-4" name="Is outside layout" sid="292242588461880" type="Folha" />
            </conditions>
            <actions>
                <action id="-9" name="Destroy" sid="597104242150644" type="Folha" />
            </actions>
        </event-block>
        <comment>Clicando com o botão esquerdo do mouse no layout, o objeto Gerador se posiciona nas coordenadas do clique...</comment>
        <event-block sid="152905202865071">
            <conditions>
                <condition id="2" name="Mouse button is down" sid="129261401597634" type="Mouse">
                    <param id="0" name="Mouse button">0</param>
                </condition>
            </conditions>
            <actions>
                <action id="-3" name="Set position" sid="266245230993021" type="Gerador">
                    <param id="0" name="X">Mouse.X</param>
                    <param id="1" name="Y">Mouse.Y</param>
                </action>
            </actions>
        </event-block>
        <event-block sid="342811672825136">
            <conditions>
                <condition id="-6" name="Every X seconds" sid="556021132674689" type="System">
                    <param id="0" name="Interval (seconds)">Intervalo/1000</param>
                </condition>
                <condition id="2" name="Mouse button is down" sid="832778428735781" type="Mouse">
                    <param id="0" name="Mouse button">0</param>
                </condition>
            </conditions>
            <actions>
                <action id="0" name="Spawn another object" sid="670771399417398" type="Gerador">
                    <param id="0" name="Object">Folha</param>
                    <param id="1" name="Layer">0</param>
                    <param id="2" name="Image point">0</param>
                </action>
                <action id="-3" name="Set position" sid="437216572884207" type="Folha">
                    <param id="0" name="X">Gerador.X + random((-16), 16)</param>
                    <param id="1" name="Y">Gerador.Y + random((-16), 16)</param>
                </action>
                <action id="5" name="Set frame" sid="288507673335700" type="Folha">
                    <param id="0" name="Frame number">random(4)</param>
                </action>
                <action id="-10" name="Set value" sid="344994257433782" type="Folha">
                    <param id="0" name="Instance variable">Gravidade</param>
                    <param id="1" name="Value">random(50,150)/100</param>
                </action>
            </actions>
        </event-block>
        <comment>É gerado uma folha a cada Intervalo/1 segundo, quando clicar com o botao esquerdo do mouse será gerado a folha em uma posição aleatória no Gerador, então é selecionado um quadro aleatório na animação da folha padrão (foi feito 4 quadros diferentes de modo que não temos folhas idênticas), então vamos definir a gravidade da folha de um valor aleatorio entre 50 e 150 por quadro...</comment>
        <event-block sid="731242431349337">
            <conditions>
                <condition id="-11" name="For Each" sid="881781326920302" type="System">
                    <param id="0" name="Object">Folha</param>
                </condition>
            </conditions>
            <actions>
                <action id="-2" name="Set Y" sid="278834721933022" type="Folha">
                    <param id="0" name="Y">Folha.Y + Folha.Gravidade</param>
                </action>
            </actions>
        </event-block>
        <comment>Para cada Folha é adicionad o valor da sua respectiva gravidade (variável Gravidade) fazendo elas cairem...</comment>
        <event-block sid="500918604650414">
            <conditions>
                <condition id="0" name="On key pressed" sid="531067885801805" type="Keyboard">
                    <param id="0" name="Key">32</param>
                </condition>
            </conditions>
            <actions />
            <sub-events>
                <event-block sid="567867664870655">
                    <conditions>
                        <condition id="-11" name="For Each" sid="474564595792104" type="System">
                            <param id="0" name="Object">Folha</param>
                        </condition>
                    </conditions>
                    <actions>
                        <action id="-9" name="Destroy" sid="754125589670838" type="Folha" />
                    </actions>
                </event-block>
            </sub-events>
        </event-block>
    </events>
</c2eventsheet>
