﻿<?xml version="1.0" encoding="utf-8" ?>
<c2eventsheet>
    <!--All the 'name' attributes are ignored by Construct 2 - they are there for readability only.-->
    <name>Event sheet 1</name>
    <events>
        <event-block sid="820501393027539">
            <conditions>
                <condition id="0" name="On function" sid="693880153043579" type="Function">
                    <param id="0" name="Name">&quot;Altura&quot;</param>
                </condition>
            </conditions>
            <actions>
                <action id="-6" name="Set height" sid="144799279051322" type="ObjAltura">
                    <param id="0" name="Height">ObjAltura.Height +10</param>
                </action>
            </actions>
        </event-block>
        <event-block sid="191178452130834">
            <conditions>
                <condition id="0" name="On function" sid="557405755280026" type="Function">
                    <param id="0" name="Name">&quot;Largura&quot;</param>
                </condition>
            </conditions>
            <actions>
                <action id="-5" name="Set width" sid="829712376149230" type="ObjLargura">
                    <param id="0" name="Width">ObjLargura.Width +10</param>
                </action>
            </actions>
        </event-block>
        <event-block sid="240154743914114">
            <conditions>
                <condition id="6" name="On object clicked" sid="281789496674912" type="Mouse">
                    <param id="0" name="Mouse button">0</param>
                    <param id="1" name="Click type">0</param>
                    <param id="2" name="Object clicked">ObjAltura</param>
                </condition>
            </conditions>
            <actions>
                <action id="0" name="Call function" sid="696394702367583" type="Function">
                    <param id="0" name="Name">&quot;Altura&quot;</param>
                    <param id="1" name="Parameter {n}"></param>
                </action>
            </actions>
        </event-block>
    </events>
</c2eventsheet>
