﻿<?xml version="1.0" encoding="utf-8" ?>
<c2eventsheet>
    <!--All the 'name' attributes are ignored by Construct 2 - they are there for readability only.-->
    <name>Event sheet 1</name>
    <events>
        <event-block sid="969812433860370">
            <conditions>
                <condition id="0" name="On key pressed" sid="889773795064760" type="Keyboard">
                    <param id="0" name="Key">83</param>
                </condition>
            </conditions>
            <actions>
                <action id="-36" name="Save" sid="685443379634464" type="System">
                    <param id="0" name="Slot">&quot;Jogo Salvo&quot;</param>
                </action>
            </actions>
        </event-block>
    </events>
</c2eventsheet>
