﻿<?xml version="1.0" encoding="utf-8" ?>
<c2eventsheet>
    <!--All the 'name' attributes are ignored by Construct 2 - they are there for readability only.-->
    <name>Event sheet 1</name>
    <events>
        <event-block sid="844808609372137">
            <conditions>
                <condition id="-1" name="Every tick" sid="613243996305810" type="System" />
            </conditions>
            <actions>
                <action id="-22" name="Set layout angle" sid="221918798544633" type="System">
                    <param id="0" name="Angle">angle(Herói.X, Herói.Y, Gravidade.X, Gravidade.Y)</param>
                </action>
                <action behavior="Platform" id="10" name="Set angle of gravity" sid="795690736667956" type="Herói">
                    <param id="0" name="Angle">angle(Herói.X, Herói.Y, Gravidade.X, Gravidade.Y)</param>
                </action>
                <action id="-22" name="Set angle toward position" sid="122906564428093" type="Herói">
                    <param id="0" name="X">Gravidade.X</param>
                    <param id="1" name="Y">Gravidade.Y</param>
                </action>
            </actions>
        </event-block>
        <event-block sid="155078123096019">
            <conditions>
                <condition id="0" name="On collision with another object" sid="596087566393215" type="Herói">
                    <param id="0" name="Object">Gravidade</param>
                </condition>
            </conditions>
            <actions>
                <action id="-26" name="Restart layout" sid="685418955586786" type="System" />
            </actions>
        </event-block>
    </events>
</c2eventsheet>
