﻿<?xml version="1.0" encoding="utf-8" ?>
<c2eventsheet>
    <!--All the 'name' attributes are ignored by Construct 2 - they are there for readability only.-->
    <name>Event sheet 1</name>
    <events>
        <event-block sid="206877564804928">
            <conditions>
                <condition id="0" name="On click" sid="819510905751025" type="Mouse">
                    <param id="0" name="Mouse button">0</param>
                    <param id="1" name="Click type">0</param>
                </condition>
                <condition id="-12" name="Repeat" sid="535871713411770" type="System">
                    <param id="0" name="Count">50</param>
                </condition>
            </conditions>
            <actions>
                <action id="-3" name="Create object" sid="338054649154579" type="System">
                    <param id="0" name="Object to create">Estrela</param>
                    <param id="1" name="Layer">0</param>
                    <param id="2" name="X">Mouse.X</param>
                    <param id="3" name="Y">Mouse.Y</param>
                </action>
                <action id="-7" name="Set size" sid="863316825689254" type="Estrela">
                    <param id="0" name="Width">random(10)</param>
                    <param id="1" name="Height">random(5)</param>
                </action>
                <action id="-8" name="Set angle" sid="546993257804736" type="Estrela">
                    <param id="0" name="Angle">random(0,360)</param>
                </action>
                <action id="6" name="Set speed" sid="908930760578117" type="Estrela">
                    <param id="0" name="Speed">random(100,300)</param>
                </action>
            </actions>
        </event-block>
        <event-block sid="430982848252115">
            <conditions>
                <condition id="0" name="On collision with another object" sid="379284314723037" type="Estrela">
                    <param id="0" name="Object">Chão</param>
                </condition>
            </conditions>
            <actions>
                <action id="-20" name="Rotate toward angle" sid="771419986467742" type="Estrela">
                    <param id="0" name="Degrees">100</param>
                    <param id="1" name="Angle">random(0,360)</param>
                </action>
                <action id="-16" name="Wait" sid="561184785804317" type="System">
                    <param id="0" name="Seconds">1.0</param>
                </action>
                <action id="-9" name="Destroy" sid="785357640586870" type="Estrela" />
            </actions>
        </event-block>
    </events>
</c2eventsheet>
