﻿<?xml version="1.0" encoding="utf-8" ?>
<c2eventsheet>
    <!--All the 'name' attributes are ignored by Construct 2 - they are there for readability only.-->
    <name>Event sheet 1</name>
    <events>
        <variable constant="0" name="var_tiro" sid="383023085444291" static="0" type="number">0</variable>
        <event-group description="" sid="646473049163083" title="Fixa objeto">
            <sub-events>
                <event-block sid="396247501336098">
                    <conditions>
                        <condition id="-1" name="Every tick" sid="934857653891456" type="System" />
                    </conditions>
                    <actions>
                        <action id="-3" name="Set position" sid="107539295112098" type="Herói">
                            <param id="0" name="X">FixoHerói.X</param>
                            <param id="1" name="Y">FixoHerói.Y</param>
                        </action>
                    </actions>
                </event-block>
            </sub-events>
        </event-group>
        <event-group description="" sid="387951922835108" title="Atira a bala">
            <sub-events>
                <event-block sid="874470199563353">
                    <conditions>
                        <condition id="2" name="Mouse button is down" sid="163330287046549" type="Mouse">
                            <param id="0" name="Mouse button">0</param>
                        </condition>
                        <condition id="-14" name="Compare variable" sid="134845058506279" type="System">
                            <param id="0" name="Variable">var_tiro</param>
                            <param id="1" name="Comparison">0</param>
                            <param id="2" name="Value">0</param>
                        </condition>
                    </conditions>
                    <actions>
                        <action id="-9" name="Set value" sid="327632681161499" type="System">
                            <param id="0" name="Variable">var_tiro</param>
                            <param id="1" name="Value">1</param>
                        </action>
                        <action id="0" name="Spawn another object" sid="297464879067077" type="Herói">
                            <param id="0" name="Object">Bala</param>
                            <param id="1" name="Layer">0</param>
                            <param id="2" name="Image point">&quot;tiro&quot;</param>
                        </action>
                        <action id="-16" name="Wait" sid="789882021756385" type="System">
                            <param id="0" name="Seconds">0.2</param>
                        </action>
                        <action id="-9" name="Set value" sid="114196552073337" type="System">
                            <param id="0" name="Variable">var_tiro</param>
                            <param id="1" name="Value">0</param>
                        </action>
                    </actions>
                </event-block>
            </sub-events>
        </event-group>
        <event-group description="" sid="592126903409710" title="Movimentação do monstro">
            <sub-events>
                <event-block sid="983623373739883">
                    <conditions>
                        <condition id="-7" name="Compare instance variable" sid="929795153579055" type="Monstro">
                            <param id="0" name="Instance variable">var_ação</param>
                            <param id="1" name="Comparison">0</param>
                            <param id="2" name="Value">&quot;direita&quot;</param>
                        </condition>
                    </conditions>
                    <actions>
                        <action id="-10" name="Set value" sid="488032814356297" type="Monstro">
                            <param id="0" name="Instance variable">var_ação</param>
                            <param id="1" name="Value">&quot;esquerda&quot;</param>
                        </action>
                    </actions>
                </event-block>
                <event-block sid="588501781285823">
                    <conditions>
                        <condition id="-22" name="Else" sid="460177923728346" type="System" />
                    </conditions>
                    <actions>
                        <action id="-10" name="Set value" sid="524639304443788" type="Monstro">
                            <param id="0" name="Instance variable">var_ação</param>
                            <param id="1" name="Value">&quot;direita&quot;</param>
                        </action>
                    </actions>
                </event-block>
                <event-block sid="753703253357344">
                    <conditions>
                        <condition id="-7" name="Compare instance variable" sid="916295892642113" type="Monstro">
                            <param id="0" name="Instance variable">var_ação</param>
                            <param id="1" name="Comparison">0</param>
                            <param id="2" name="Value">&quot;direita&quot;</param>
                        </condition>
                    </conditions>
                    <actions>
                        <action behavior="Platform" id="7" name="Simulate control" sid="756123632145863" type="Monstro">
                            <param id="0" name="Control">1</param>
                        </action>
                        <action id="7" name="Set mirrored" sid="734512420238580" type="Monstro">
                            <param id="0" name="State">0</param>
                        </action>
                    </actions>
                </event-block>
                <event-block sid="594454457612324">
                    <conditions>
                        <condition id="-7" name="Compare instance variable" sid="567042397593539" type="Monstro">
                            <param id="0" name="Instance variable">var_ação</param>
                            <param id="1" name="Comparison">0</param>
                            <param id="2" name="Value">&quot;esquerda&quot;</param>
                        </condition>
                    </conditions>
                    <actions>
                        <action behavior="Platform" id="7" name="Simulate control" sid="106669053889114" type="Monstro">
                            <param id="0" name="Control">0</param>
                        </action>
                        <action id="7" name="Set mirrored" sid="307838936984990" type="Monstro">
                            <param id="0" name="State">1</param>
                        </action>
                    </actions>
                </event-block>
            </sub-events>
        </event-group>
        <event-group description="" sid="169548748141876" title="Destrói os objetos" />
        <event-block sid="806307584645356">
            <conditions>
                <condition id="0" name="On collision with another object" sid="718737589425266" type="Bala">
                    <param id="0" name="Object">Monstro</param>
                </condition>
            </conditions>
            <actions>
                <action id="-9" name="Destroy" sid="516533719503072" type="Monstro" />
                <action id="-9" name="Destroy" sid="549938861805661" type="Bala" />
            </actions>
        </event-block>
        <event-block sid="218513143503954">
            <conditions>
                <condition behavior="Bullet" id="1" name="Compare distance travelled" sid="291582635136437" type="Bala">
                    <param id="0" name="Comparison">5</param>
                    <param id="1" name="Distance">400</param>
                </condition>
            </conditions>
            <actions>
                <action id="-9" name="Destroy" sid="319521856245614" type="Bala" />
            </actions>
        </event-block>
        <event-block sid="919711029007400">
            <conditions>
                <condition id="0" name="On collision with another object" sid="964327015120151" type="Monstro">
                    <param id="0" name="Object">FixoHerói</param>
                </condition>
            </conditions>
            <actions>
                <action id="-9" name="Destroy" sid="709521894649686" type="Herói" />
                <action id="-9" name="Destroy" sid="138733631320174" type="FixoHerói" />
                <action id="-16" name="Wait" sid="720643771391984" type="System">
                    <param id="0" name="Seconds">1.0</param>
                </action>
                <action id="-26" name="Restart layout" sid="903315997365756" type="System" />
            </actions>
        </event-block>
    </events>
</c2eventsheet>
