﻿<?xml version="1.0" encoding="utf-8" ?>
<c2eventsheet>
    <!--All the 'name' attributes are ignored by Construct 2 - they are there for readability only.-->
    <name>Event sheet 1</name>
    <events>
        <variable constant="0" name="ContagemZumbis" sid="635815762935552" static="0" type="number">0</variable>
        <event-block sid="252160174675961">
            <conditions>
                <condition id="-2" name="On start of layout" sid="597392195200716" type="System" />
            </conditions>
            <actions>
                <action id="-9" name="Destroy" sid="355880002768348" type="Zumbi" />
            </actions>
        </event-block>
        <event-block sid="634977247700785">
            <conditions>
                <condition id="-1" name="Every tick" sid="919667932335632" type="System" />
            </conditions>
            <actions>
                <action id="-22" name="Set angle toward position" sid="491243018084206" type="Jogador">
                    <param id="0" name="X">Mouse.X</param>
                    <param id="1" name="Y">Mouse.Y</param>
                </action>
            </actions>
        </event-block>
        <event-block sid="583342747839233">
            <conditions>
                <condition id="-6" name="Every X seconds" sid="652546592408145" type="System">
                    <param id="0" name="Interval (seconds)">0.5</param>
                </condition>
                <condition id="-16" name="Pick random instance" sid="760875639616513" type="System">
                    <param id="0" name="Object">CriaZumbi</param>
                </condition>
            </conditions>
            <actions>
                <action id="0" name="Spawn another object" sid="596969043569367" type="CriaZumbi">
                    <param id="0" name="Object">Zumbi</param>
                    <param id="1" name="Layer">2</param>
                    <param id="2" name="Image point">0</param>
                </action>
                <action behavior="Pathfinding" id="0" name="Find path" sid="357045398390501" type="Zumbi">
                    <param id="0" name="X">Jogador.X</param>
                    <param id="1" name="Y">Jogador.Y</param>
                </action>
                <action id="-10" name="Add to" sid="592332756235681" type="System">
                    <param id="0" name="Variable">ContagemZumbis</param>
                    <param id="1" name="Value">1</param>
                </action>
            </actions>
        </event-block>
        <event-block sid="670488997578135">
            <conditions>
                <condition id="0" name="On click" sid="958289431816352" type="Mouse">
                    <param id="0" name="Mouse button">0</param>
                    <param id="1" name="Click type">0</param>
                </condition>
            </conditions>
            <actions>
                <action id="0" name="Spawn another object" sid="939220113104821" type="Jogador">
                    <param id="0" name="Object">Bala</param>
                    <param id="1" name="Layer">0</param>
                    <param id="2" name="Image point">&quot;Tiro&quot;</param>
                </action>
            </actions>
            <sub-events>
                <event-block sid="823503789449091">
                    <conditions>
                        <condition id="-6" name="Every X seconds" sid="872109622066714" type="System">
                            <param id="0" name="Interval (seconds)">0.6</param>
                        </condition>
                    </conditions>
                    <actions />
                </event-block>
            </sub-events>
        </event-block>
        <event-block sid="268366898344411">
            <conditions>
                <condition id="-14" name="Compare variable" sid="994987804566314" type="System">
                    <param id="0" name="Variable">ContagemZumbis</param>
                    <param id="1" name="Comparison">0</param>
                    <param id="2" name="Value">20</param>
                </condition>
            </conditions>
            <actions>
                <action id="-9" name="Destroy" sid="274855922506034" type="CriaZumbi" />
            </actions>
        </event-block>
        <event-block sid="428935536282190">
            <conditions>
                <condition behavior="Pathfinding" id="0" name="On path found" sid="650596169798517" type="Zumbi" />
                <condition id="1" inverted="1" name="Is overlapping another object" sid="724755810973254" type="Zumbi">
                    <param id="0" name="Object">Barreira</param>
                </condition>
            </conditions>
            <actions>
                <action behavior="Pathfinding" id="1" name="Move along path" sid="988862160535881" type="Zumbi" />
            </actions>
        </event-block>
        <event-block sid="674435095506872">
            <conditions>
                <condition behavior="Pathfinding" id="1" name="On failed to find path" sid="597323452030017" type="Zumbi" />
            </conditions>
            <actions>
                <action behavior="Pathfinding" id="0" name="Find path" sid="312356541496890" type="Zumbi">
                    <param id="0" name="X">Jogador.X</param>
                    <param id="1" name="Y">Jogador.Y</param>
                </action>
            </actions>
        </event-block>
        <event-block sid="457784232784495">
            <conditions>
                <condition id="-7" name="Compare instance variable" sid="516312812389477" type="Barreira">
                    <param id="0" name="Instance variable">VidaBarreira</param>
                    <param id="1" name="Comparison">3</param>
                    <param id="2" name="Value">0</param>
                </condition>
            </conditions>
            <actions>
                <action id="-9" name="Destroy" sid="467664304702361" type="Barreira" />
            </actions>
        </event-block>
        <event-block sid="939092046865226">
            <conditions>
                <condition id="-11" name="For Each" sid="888579980606916" type="System">
                    <param id="0" name="Object">Barreira</param>
                </condition>
            </conditions>
            <actions>
                <action id="5" name="Set frame" sid="353641261866329" type="Barreira">
                    <param id="0" name="Frame number">4-(Barreira.VidaBarreira/25)</param>
                </action>
            </actions>
        </event-block>
        <event-block sid="174322240168589">
            <conditions>
                <condition id="-11" name="For Each" sid="853499734480912" type="System">
                    <param id="0" name="Object">Zumbi</param>
                </condition>
                <condition id="1" name="Is overlapping another object" sid="355274408446463" type="Zumbi">
                    <param id="0" name="Object">Barreira</param>
                </condition>
            </conditions>
            <actions>
                <action behavior="Pathfinding" id="2" name="Stop" sid="238803430920463" type="Zumbi" />
            </actions>
        </event-block>
        <event-block sid="475597144392996">
            <conditions>
                <condition id="-11" name="For Each" sid="417824566544073" type="System">
                    <param id="0" name="Object">Zumbi</param>
                </condition>
                <condition behavior="Pathfinding" id="4" inverted="1" name="Is moving along path" sid="413583754234781" type="Zumbi" />
                <condition behavior="Pathfinding" id="3" inverted="1" name="Is calculating path" sid="735126945784730" type="Zumbi" />
                <condition id="1" inverted="1" name="Is overlapping another object" sid="798765821304147" type="Zumbi">
                    <param id="0" name="Object">Barreira</param>
                </condition>
            </conditions>
            <actions>
                <action behavior="Pathfinding" id="0" name="Find path" sid="727252161788771" type="Zumbi">
                    <param id="0" name="X">Jogador.X</param>
                    <param id="1" name="Y">Jogador.Y</param>
                </action>
            </actions>
        </event-block>
        <event-block sid="408497579573998">
            <conditions>
                <condition id="-11" name="For Each" sid="361501377659521" type="System">
                    <param id="0" name="Object">Zumbi</param>
                </condition>
                <condition id="1" name="Is overlapping another object" sid="609689195145660" type="Zumbi">
                    <param id="0" name="Object">Barreira</param>
                </condition>
            </conditions>
            <actions>
                <action id="-12" name="Subtract from" sid="847588422749192" type="Barreira">
                    <param id="0" name="Instance variable">VidaBarreira</param>
                    <param id="1" name="Value">1</param>
                </action>
            </actions>
        </event-block>
        <event-block sid="372893836170622">
            <conditions>
                <condition behavior="Pathfinding" id="5" name="On arrived" sid="432003593479506" type="Zumbi" />
            </conditions>
            <actions>
                <action behavior="Pathfinding" id="2" name="Stop" sid="636868124406956" type="Zumbi" />
            </actions>
        </event-block>
        <event-block sid="708620325970832">
            <conditions>
                <condition id="0" name="On collision with another object" sid="761295077401652" type="Bala">
                    <param id="0" name="Object">Zumbi</param>
                </condition>
            </conditions>
            <actions>
                <action id="0" name="Spawn another object" sid="500845116906172" type="Bala">
                    <param id="0" name="Object">Sangue</param>
                    <param id="1" name="Layer">0</param>
                    <param id="2" name="Image point">0</param>
                </action>
                <action id="-9" name="Destroy" sid="627309037763348" type="Bala" />
                <action id="0" name="Spawn another object" sid="551174765542457" type="Zumbi">
                    <param id="0" name="Object">Morto</param>
                    <param id="1" name="Layer">0</param>
                    <param id="2" name="Image point">0</param>
                </action>
                <action id="-9" name="Destroy" sid="425761663829657" type="Zumbi" />
            </actions>
        </event-block>
    </events>
</c2eventsheet>
