﻿<?xml version="1.0" encoding="utf-8" ?>
<c2eventsheet>
    <!--All the 'name' attributes are ignored by Construct 2 - they are there for readability only.-->
    <name>Event sheet 1</name>
    <events>
        <variable constant="0" name="TempoInimigo" sid="873410278259959" static="0" type="number">2</variable>
        <event-group description="" sid="171466726982142" title="Controle do Inimigo">
            <sub-events>
                <event-block sid="231931724813940">
                    <conditions>
                        <condition id="-2" name="On start of layout" sid="200091862027069" type="System" />
                    </conditions>
                    <actions>
                        <action behavior="Pathfinding" id="0" name="Find path" sid="580290776829706" type="Inimigo">
                            <param id="0" name="X">Chegada.X</param>
                            <param id="1" name="Y">Chegada.Y</param>
                        </action>
                    </actions>
                </event-block>
                <event-block sid="100576439051187">
                    <conditions>
                        <condition id="-6" name="Every X seconds" sid="737342049991690" type="System">
                            <param id="0" name="Interval (seconds)">TempoInimigo</param>
                        </condition>
                    </conditions>
                    <actions>
                        <action id="0" name="Spawn another object" sid="467960275911655" type="CriaInimigo">
                            <param id="0" name="Object">Inimigo</param>
                            <param id="1" name="Layer">&quot;Objetos&quot;</param>
                            <param id="2" name="Image point">0</param>
                        </action>
                        <action behavior="Pathfinding" id="0" name="Find path" sid="351098440019350" type="Inimigo">
                            <param id="0" name="X">Chegada.X</param>
                            <param id="1" name="Y">Chegada.Y</param>
                        </action>
                    </actions>
                </event-block>
                <event-block sid="575703783075358">
                    <conditions>
                        <condition behavior="Pathfinding" id="0" name="On path found" sid="872448996867530" type="Inimigo" />
                    </conditions>
                    <actions>
                        <action behavior="Pathfinding" id="1" name="Move along path" sid="263075045954831" type="Inimigo" />
                    </actions>
                </event-block>
                <event-block sid="253841995124764">
                    <conditions>
                        <condition id="0" name="On collision with another object" sid="679975967939749" type="Flecha">
                            <param id="0" name="Object">Inimigo</param>
                        </condition>
                    </conditions>
                    <actions>
                        <action id="-12" name="Subtract from" sid="237617480070368" type="Inimigo">
                            <param id="0" name="Instance variable">VidaInimigo</param>
                            <param id="1" name="Value">1</param>
                        </action>
                        <action id="-9" name="Destroy" sid="222164492174284" type="Flecha" />
                        <action id="0" name="Spawn another object" sid="933571934482796" type="Flecha">
                            <param id="0" name="Object">PartículasColisão</param>
                            <param id="1" name="Layer">&quot;Objetos&quot;</param>
                            <param id="2" name="Image point">1</param>
                        </action>
                    </actions>
                </event-block>
                <event-block sid="706777164914100">
                    <conditions>
                        <condition id="-7" name="Compare instance variable" sid="947837749568171" type="Inimigo">
                            <param id="0" name="Instance variable">VidaInimigo</param>
                            <param id="1" name="Comparison">0</param>
                            <param id="2" name="Value">0</param>
                        </condition>
                    </conditions>
                    <actions>
                        <action id="-9" name="Destroy" sid="671092718957467" type="Inimigo" />
                        <action id="0" name="Spawn another object" sid="718482592307998" type="Inimigo">
                            <param id="0" name="Object">PartículasDestrói</param>
                            <param id="1" name="Layer">&quot;Objetos&quot;</param>
                            <param id="2" name="Image point">0</param>
                        </action>
                    </actions>
                </event-block>
                <event-block sid="733664550535441">
                    <conditions>
                        <condition id="0" name="On collision with another object" sid="456219361526239" type="Inimigo">
                            <param id="0" name="Object">Chegada</param>
                        </condition>
                    </conditions>
                    <actions>
                        <action id="-9" name="Destroy" sid="990424847305903" type="Inimigo" />
                    </actions>
                </event-block>
            </sub-events>
        </event-group>
        <event-group description="" sid="274567444616837" title="Controle Da turret">
            <sub-events>
                <event-block sid="546112283936837">
                    <conditions>
                        <condition id="-2" name="On start of layout" sid="720648199874803" type="System" />
                    </conditions>
                    <actions>
                        <action behavior="Turret" id="1" name="Add object to target" sid="882756881188119" type="Turret">
                            <param id="0" name="Target">Inimigo</param>
                        </action>
                    </actions>
                </event-block>
                <event-block sid="271540545055841">
                    <conditions>
                        <condition behavior="Turret" id="1" name="On shoot" sid="586801554641078" type="Turret" />
                    </conditions>
                    <actions>
                        <action id="0" name="Spawn another object" sid="582409608748245" type="Turret">
                            <param id="0" name="Object">Flecha</param>
                            <param id="1" name="Layer">&quot;Objetos&quot;</param>
                            <param id="2" name="Image point">1</param>
                        </action>
                    </actions>
                </event-block>
                <event-block sid="433914384982291">
                    <conditions>
                        <condition behavior="Bullet" id="1" name="Compare distance travelled" sid="746753795608194" type="Flecha">
                            <param id="0" name="Comparison">5</param>
                            <param id="1" name="Distance">100</param>
                        </condition>
                    </conditions>
                    <actions>
                        <action id="-9" name="Destroy" sid="234979567872886" type="Flecha" />
                    </actions>
                </event-block>
            </sub-events>
        </event-group>
        <event-block sid="262159653764550">
            <conditions>
                <condition id="-7" name="Compare instance variable" sid="737435428822839" type="Chegada">
                    <param id="0" name="Instance variable">VidaChegada</param>
                    <param id="1" name="Comparison">0</param>
                    <param id="2" name="Value">0</param>
                </condition>
            </conditions>
            <actions>
                <action id="0" name="Spawn another object" sid="837355579365721" type="CriaInimigo">
                    <param id="0" name="Object">CriaInimigo</param>
                    <param id="1" name="Layer">0</param>
                    <param id="2" name="Image point">0</param>
                </action>
            </actions>
        </event-block>
    </events>
</c2eventsheet>
