﻿<?xml version="1.0" encoding="utf-8" ?>
<c2eventsheet>
    <!--All the 'name' attributes are ignored by Construct 2 - they are there for readability only.-->
    <name>EsquerdaCima</name>
    <events>
        <event-block sid="504019876346650">
            <conditions>
                <condition id="-2" name="Compare Y" sid="537321401884335" type="Player">
                    <param id="0" name="Comparison">4</param>
                    <param id="1" name="Y co-ordinate">LayoutHeight</param>
                </condition>
            </conditions>
            <actions>
                <action id="-2" name="Go to layout" sid="135018035732708" type="System">
                    <param id="0" name="Layout">EsquerdaPrincipal</param>
                </action>
                <action id="-2" name="Set Y" sid="137725129537058" type="Player">
                    <param id="0" name="Y">30</param>
                </action>
            </actions>
        </event-block>
        <event-block sid="991679297752674">
            <conditions>
                <condition id="-1" name="Compare X" sid="244229410656387" type="Player">
                    <param id="0" name="Comparison">4</param>
                    <param id="1" name="X co-ordinate">LayoutWidth </param>
                </condition>
            </conditions>
            <actions>
                <action id="-2" name="Go to layout" sid="257065373336294" type="System">
                    <param id="0" name="Layout">CimaPrincipal</param>
                </action>
                <action id="-1" name="Set X" sid="972315519612903" type="Player">
                    <param id="0" name="X">30</param>
                </action>
            </actions>
        </event-block>
        <event-block sid="828661339229933">
            <conditions>
                <condition id="0" name="On collision with another object" sid="803039996269011" type="Player">
                    <param id="0" name="Object">SemPersist</param>
                </condition>
            </conditions>
            <actions>
                <action id="-9" name="Destroy" sid="262595199731654" type="SemPersist" />
            </actions>
        </event-block>
    </events>
</c2eventsheet>
