﻿<?xml version="1.0" encoding="utf-8" ?>
<c2eventsheet>
    <!--All the 'name' attributes are ignored by Construct 2 - they are there for readability only.-->
    <name>DireitaBaixo</name>
    <events>
        <event-block sid="317669124022329">
            <conditions>
                <condition id="-2" name="Compare Y" sid="965119224947759" type="Player">
                    <param id="0" name="Comparison">2</param>
                    <param id="1" name="Y co-ordinate">0</param>
                </condition>
            </conditions>
            <actions>
                <action id="-2" name="Go to layout" sid="460592411731602" type="System">
                    <param id="0" name="Layout">DireitaPrincipal</param>
                </action>
                <action id="-2" name="Set Y" sid="188375734006037" type="Player">
                    <param id="0" name="Y">470</param>
                </action>
            </actions>
        </event-block>
        <event-block sid="757566052104332">
            <conditions>
                <condition id="-1" name="Compare X" sid="521205422636827" type="Player">
                    <param id="0" name="Comparison">4</param>
                    <param id="1" name="X co-ordinate">LayoutWidth </param>
                </condition>
            </conditions>
            <actions>
                <action id="-2" name="Go to layout" sid="349907870105128" type="System">
                    <param id="0" name="Layout">BaixoPrincipal</param>
                </action>
                <action id="-1" name="Set X" sid="533991434702529" type="Player">
                    <param id="0" name="X">30</param>
                </action>
            </actions>
        </event-block>
        <event-block sid="992825693678825">
            <conditions>
                <condition id="0" name="On collision with another object" sid="574685246033636" type="Player">
                    <param id="0" name="Object">ComPersist</param>
                </condition>
            </conditions>
            <actions>
                <action id="-9" name="Destroy" sid="481213616610565" type="ComPersist" />
            </actions>
        </event-block>
    </events>
</c2eventsheet>
