﻿<?xml version="1.0" encoding="utf-8" ?>
<c2eventsheet>
    <!--All the 'name' attributes are ignored by Construct 2 - they are there for readability only.-->
    <name>EsquerdaBaixo</name>
    <events>
        <event-block sid="666946292083763">
            <conditions>
                <condition id="-2" name="Compare Y" sid="214037567880567" type="Player">
                    <param id="0" name="Comparison">2</param>
                    <param id="1" name="Y co-ordinate">0</param>
                </condition>
            </conditions>
            <actions>
                <action id="-2" name="Go to layout" sid="839027616265542" type="System">
                    <param id="0" name="Layout">EsquerdaPrincipal</param>
                </action>
                <action id="-2" name="Set Y" sid="714459055890855" type="Player">
                    <param id="0" name="Y">470</param>
                </action>
            </actions>
        </event-block>
        <event-block sid="196508971353677">
            <conditions>
                <condition id="-1" name="Compare X" sid="693039151580871" type="Player">
                    <param id="0" name="Comparison">4</param>
                    <param id="1" name="X co-ordinate">LayoutWidth </param>
                </condition>
            </conditions>
            <actions>
                <action id="-2" name="Go to layout" sid="800772075635096" type="System">
                    <param id="0" name="Layout">BaixoPrincipal</param>
                </action>
                <action id="-1" name="Set X" sid="859621580998591" type="Player">
                    <param id="0" name="X">30</param>
                </action>
            </actions>
        </event-block>
        <event-block sid="540393059160032">
            <conditions>
                <condition id="0" name="On collision with another object" sid="124744486304311" type="Player">
                    <param id="0" name="Object">ComPersist</param>
                </condition>
            </conditions>
            <actions>
                <action id="-9" name="Destroy" sid="436182962765406" type="ComPersist" />
            </actions>
        </event-block>
    </events>
</c2eventsheet>
