﻿<?xml version="1.0" encoding="utf-8" ?>
<c2eventsheet>
    <!--All the 'name' attributes are ignored by Construct 2 - they are there for readability only.-->
    <name>BaixoPrincipal</name>
    <events>
        <event-block sid="487345290560235">
            <conditions>
                <condition id="-2" name="Compare Y" sid="600277103284238" type="Player">
                    <param id="0" name="Comparison">2</param>
                    <param id="1" name="Y co-ordinate">0</param>
                </condition>
            </conditions>
            <actions>
                <action id="-2" name="Go to layout" sid="280273963151984" type="System">
                    <param id="0" name="Layout">Principal</param>
                </action>
                <action id="-2" name="Set Y" sid="520967432178656" type="Player">
                    <param id="0" name="Y">470</param>
                </action>
            </actions>
        </event-block>
        <event-block sid="333675623800140">
            <conditions>
                <condition id="-1" name="Compare X" sid="414121181944873" type="Player">
                    <param id="0" name="Comparison">2</param>
                    <param id="1" name="X co-ordinate">0</param>
                </condition>
            </conditions>
            <actions>
                <action id="-2" name="Go to layout" sid="386845027215998" type="System">
                    <param id="0" name="Layout">EsquerdaBaixo</param>
                </action>
                <action id="-2" name="Set Y" sid="940573818964632" type="Player">
                    <param id="0" name="Y">30</param>
                </action>
            </actions>
        </event-block>
        <event-block sid="739391911769498">
            <conditions>
                <condition id="-1" name="Compare X" sid="890869809035980" type="Player">
                    <param id="0" name="Comparison">4</param>
                    <param id="1" name="X co-ordinate">LayoutHeight</param>
                </condition>
            </conditions>
            <actions>
                <action id="-2" name="Go to layout" sid="600670089858317" type="System">
                    <param id="0" name="Layout">DireitaBaixo</param>
                </action>
                <action id="-1" name="Set X" sid="422265574424404" type="Player">
                    <param id="0" name="X">30</param>
                </action>
            </actions>
        </event-block>
    </events>
</c2eventsheet>
