﻿<?xml version="1.0" encoding="utf-8" ?>
<c2eventsheet>
    <!--All the 'name' attributes are ignored by Construct 2 - they are there for readability only.-->
    <name>CimaPrincipal</name>
    <events>
        <event-block sid="178796056237324">
            <conditions>
                <condition id="-2" name="Compare Y" sid="289540528969084" type="Player">
                    <param id="0" name="Comparison">2</param>
                    <param id="1" name="Y co-ordinate">0</param>
                </condition>
            </conditions>
            <actions>
                <action id="-2" name="Go to layout" sid="596182840777381" type="System">
                    <param id="0" name="Layout">EsquerdaCima</param>
                </action>
                <action id="-2" name="Set Y" sid="124420055633039" type="Player">
                    <param id="0" name="Y">470</param>
                </action>
            </actions>
        </event-block>
        <event-block sid="647302700910589">
            <conditions>
                <condition id="-1" name="Compare X" sid="835346959948876" type="Player">
                    <param id="0" name="Comparison">4</param>
                    <param id="1" name="X co-ordinate">0</param>
                </condition>
            </conditions>
            <actions>
                <action id="-2" name="Go to layout" sid="376350369733534" type="System">
                    <param id="0" name="Layout">EsquerdaCima</param>
                </action>
                <action id="-2" name="Set Y" sid="519353166126588" type="Player">
                    <param id="0" name="Y">30</param>
                </action>
            </actions>
        </event-block>
        <event-block sid="153621196591234">
            <conditions>
                <condition id="-1" name="Compare X" sid="585771756897389" type="Player">
                    <param id="0" name="Comparison">4</param>
                    <param id="1" name="X co-ordinate">LayoutWidth </param>
                </condition>
            </conditions>
            <actions>
                <action id="-2" name="Go to layout" sid="716428081698923" type="System">
                    <param id="0" name="Layout">Principal</param>
                </action>
                <action id="-1" name="Set X" sid="746882222368621" type="Player">
                    <param id="0" name="X">30</param>
                </action>
            </actions>
        </event-block>
    </events>
</c2eventsheet>
