﻿<?xml version="1.0" encoding="utf-8" ?>
<c2eventsheet>
    <!--All the 'name' attributes are ignored by Construct 2 - they are there for readability only.-->
    <name>EsquerdaPrincipal</name>
    <events>
        <event-block sid="370362585690519">
            <conditions>
                <condition id="-2" name="Compare Y" sid="453026265906981" type="Player">
                    <param id="0" name="Comparison">2</param>
                    <param id="1" name="Y co-ordinate">0</param>
                </condition>
            </conditions>
            <actions>
                <action id="-2" name="Go to layout" sid="923675959035580" type="System">
                    <param id="0" name="Layout">EsquerdaCima</param>
                </action>
                <action id="-2" name="Set Y" sid="337134479154829" type="Player">
                    <param id="0" name="Y">470</param>
                </action>
            </actions>
        </event-block>
        <event-block sid="708478495784383">
            <conditions>
                <condition id="-2" name="Compare Y" sid="573893664126420" type="Player">
                    <param id="0" name="Comparison">4</param>
                    <param id="1" name="Y co-ordinate">LayoutHeight</param>
                </condition>
            </conditions>
            <actions>
                <action id="-2" name="Go to layout" sid="906078659253881" type="System">
                    <param id="0" name="Layout">EsquerdaBaixo</param>
                </action>
                <action id="-2" name="Set Y" sid="161171270913975" type="Player">
                    <param id="0" name="Y">30</param>
                </action>
            </actions>
        </event-block>
        <event-block sid="740698618689120">
            <conditions>
                <condition id="-1" name="Compare X" sid="324392826212442" type="Player">
                    <param id="0" name="Comparison">4</param>
                    <param id="1" name="X co-ordinate">LayoutWidth </param>
                </condition>
            </conditions>
            <actions>
                <action id="-2" name="Go to layout" sid="131038833157543" type="System">
                    <param id="0" name="Layout">Principal</param>
                </action>
                <action id="-1" name="Set X" sid="166131528581160" type="Player">
                    <param id="0" name="X">30</param>
                </action>
            </actions>
        </event-block>
        <event-block sid="765978968224821">
            <conditions>
                <condition id="0" name="On collision with another object" sid="790341001335088" type="Player">
                    <param id="0" name="Object">ComPersist</param>
                </condition>
            </conditions>
            <actions>
                <action id="-9" name="Destroy" sid="738578452524980" type="ComPersist" />
            </actions>
        </event-block>
    </events>
</c2eventsheet>
