﻿<?xml version="1.0" encoding="utf-8" ?>
<c2eventsheet>
    <!--All the 'name' attributes are ignored by Construct 2 - they are there for readability only.-->
    <name>Event sheet 1</name>
    <events>
        <variable constant="0" name="var_Player" sid="291587307843437" static="0" type="number">1</variable>
        <event-block sid="667590518940083">
            <conditions>
                <condition id="-2" name="On start of layout" sid="697065637939532" type="System" />
            </conditions>
            <actions>
                <action behavior="Physics" id="14" name="Set stepping iterations" sid="776695595584613" type="Player">
                    <param id="0" name="Velocity iterations">12</param>
                    <param id="1" name="Position iterations">8</param>
                </action>
            </actions>
        </event-block>
        <event-block sid="920162513618043">
            <conditions>
                <condition id="-14" name="Compare variable" sid="426006090806842" type="System">
                    <param id="0" name="Variable">var_Player</param>
                    <param id="1" name="Comparison">0</param>
                    <param id="2" name="Value">1</param>
                </condition>
            </conditions>
            <actions>
                <action id="-4" name="Set position to another object" sid="590616098391756" type="Player">
                    <param id="0" name="Object">Catapulta</param>
                    <param id="1" name="Image point (optional)">0</param>
                </action>
                <action id="-8" name="Scroll to object" sid="847303656290884" type="System">
                    <param id="0" name="Object">Catapulta</param>
                </action>
            </actions>
            <sub-events>
                <event-block sid="985771603237902">
                    <conditions>
                        <condition id="2" name="Mouse button is down" sid="832085556493449" type="Mouse">
                            <param id="0" name="Mouse button">0</param>
                        </condition>
                    </conditions>
                    <actions>
                        <action id="-8" name="Set angle" sid="337273819757509" type="Player">
                            <param id="0" name="Angle">angle(Mouse.X, Mouse.Y, Catapulta.X ,Catapulta.Y)</param>
                        </action>
                        <action id="-23" name="Move at angle" sid="135017905328614" type="Player">
                            <param id="0" name="Angle">Self.Angle+180</param>
                            <param id="1" name="Distance">min(distance(Mouse.X, Mouse.Y, Catapulta.X, Catapulta.Y)/3,50)</param>
                        </action>
                    </actions>
                </event-block>
                <event-block sid="968756591939654">
                    <conditions>
                        <condition id="3" name="On button released" sid="873555162255262" type="Mouse">
                            <param id="0" name="Mouse button">0</param>
                        </condition>
                    </conditions>
                    <actions>
                        <action id="-9" name="Set value" sid="809303542112543" type="System">
                            <param id="0" name="Variable">var_Player</param>
                            <param id="1" name="Value">0</param>
                        </action>
                        <action behavior="Physics" id="5" name="Apply impulse at angle" sid="837221711162870" type="Player">
                            <param id="0" name="Impulse">distance(Self.X, Self.Y, Catapulta.X, Catapulta.Y)/3</param>
                            <param id="1" name="Angle">Self.Angle</param>
                            <param id="2" name="Image point">0</param>
                        </action>
                    </actions>
                </event-block>
            </sub-events>
        </event-block>
        <event-block sid="216128198049530">
            <conditions>
                <condition id="-22" name="Else" sid="770975582415233" type="System" />
            </conditions>
            <actions>
                <action id="-9" name="Set value" sid="342775951649960" type="System">
                    <param id="0" name="Variable">var_Player</param>
                    <param id="1" name="Value">0</param>
                </action>
                <action behavior="Physics" id="5" name="Apply impulse at angle" sid="284932762777662" type="Player">
                    <param id="0" name="Impulse">1</param>
                    <param id="1" name="Angle">-90</param>
                    <param id="2" name="Image point">0</param>
                </action>
            </actions>
        </event-block>
    </events>
</c2eventsheet>
